PCMT,2020,No
Aaitui,5657,
Aaron,7553,
Abbot,6693,
Abbrederis,5788,
Abdesmad,6356,
Abdullah,4,
Abdul-Quddus,5,
Abel,7554,
Abernathy,7,
Abiamiri,8,
Aboushi,5543,
Abraham,9,
Abram,7281,
Abrams,11,
Abreu,7555,
Acho,15
Acker,5789
Ackerman,16
Ackers,44
Acklin,7105
Acosta,5619
Adair,7556
Adams,19
Adamson,7557
Adcock,20
Addae,6257
Addai,21
Adderley,7280
Addison,23
Adeboyejo,6636
Adeniji,5620
Adeniyi,6933
Adeyanju,25
Adeyemi,6406
Adibi,26
Adjei-Barimah,6113
Adkins,27
Adkisson,28
Adler,7558
Adongo,5784
Afalava,29
Agholor,5790
Agnew,31
Aguayo,6170
Agudosi,6864
Aguilar,6694
Aguilera,7385
Aguirre,6695
Agurs,6025
Ah,35
Ahanotu,36
Ahmad,7559
Ahmed,6408
Aiken,38
Aikens,5791
Aikman,39
Ainge,40
Ajala,5621
Ajayi,5792
Ajirotutu,41
Akbar,42
Akers,44
Akins,45
Alabi,47
Alaka,7277
Alama-Francis,48
Albert,50
Albrecht,7560
Albright,52
Albury,6026
Alden,6027
Aldrich,7561
Aldridge,55
Alecxih,56
Aleman,7486
Alexander,59
Alexis,60
Alfieri,7310
Alford,61
Ali,62
Alie-Cox,7809
al-Jabbar,63
Allan,64
Allegretti,7325
Alleman,65
Allen,64
Allen-Williams,7326
Alli,5622
Allison,68
Allotey,70
Allred,71
Alonso,5582
Alridge,73
Alsadek,7092
Al-Shaair,7327
Alston,75
Alstott,76
Altman,7562
Alualu,79
Alvarado,6696
Alvarez,6708
Amadi,7320
Amador,7487
Amano,85
Amaro,5694
Amato,86
Amaya,87
Ambrose,89
Amendola,90
Amerson,5594
Ames,7488
Amey,93
Amichia,6681
Amos,5793
Amukamara,96
Amundson,97
Anderle,101
Anders,102
Andersen,103
Anderson,103
Andrew,106
Andrews,107
Andrus,108
Anelli,110
Angel,7386
Anger,112
Angerer,113
Angulo,116
Ankou,6834
Ankrah,5794
Annand,118
Annen,5795
Ansah,5570
Anthony,119
Anthrop,6331
Antonio,7563
Antrim,120
Anunike,6108
Anunoby,122
Anzalone,123
Apke,6954
Apple,6256
Applewhite,126
Aquino,7387
Aragon,7388
Araguz,127
Arce,7421
Arcega-Whiteside,7240
Arceneaux,129
Archambeau,130
Archer,5695
Archibald,132
Archuleta,133
Arellanes,135
Arenas,137
Arians,140
Arias,7819
Arisman,143
Arkin,145
Armah,6677
Armbrister,6139
Armour,146
Armstead,147
Armstrong,148
Arnaud,149
Arnett,7564
Arnfelt,5796
Arnold,150
Arnoux,151
Aromashodu,153
Arrington,155
Arrollo,7820
Arthur,7212
Artis-Payne,5797
Artmore,158
Aruna,6943
Asafo-Adjei,7812
Asamoah,160
Asante,161
Ash,6028
Ashby,7565
Asher,163
Ashley,6029
Ashmore,165
Asiata,166
Asiodu,167
Askew,168
Askew-Henry,7322
Asomugha,170
Asper,172
Atchison,175
Ateman,6879
Atkins,176
Atkinson,5798
Atogwe,179
Attaochu,5696
Atwater,182
Atwood,7566
Aubrey,5731
Auclair,6827
Ausberry,186
Austell,6655
Austin,187
Autry,188
Avant,189
Averett,6918
Avery,190
Aviles,7389
Avril,191
Awasom,192
Awe,6350
Awuzie,6579
Ayanbadejo,194
Ayers,195
Ayi,196
Ayodele,197
Azumah,198
Azur,5623
Baadknews,199
Baas,200
Babcock,7489
Baber,202
Babers,203
Babin,204
Babineaux,205
Baca,5691
Backman,6205
Backus,207
Bacon,208
Bademosi,209
Badet,7107
Badgley,6955
Baer,5800
Baggett,7097
Baggs,211
Bagley,7567
Bailey,212
Bain,213
Bair,215
Baird,7167
Baity,7315
Bajema,218
Baker,219
Bakhtiari,220
Baldridge,222
Balducci,6550
Baldwin,223
Ball,226
Ballage,6900
Ballantyne,227
Ballard,228
Ballentine,5799
Balmer,230
Balogh,231
Balogun,232
Baniewicz,237
Banjo,5763
Banks,238
Bankston,239
Bannan,240
Banner,6584
Bannister,241
Bannon,242
Banogu,7269
Banta,243
Banta-Cain,244
Banyard,5690
Baptiste,245
Barber,246
Barbieri,247
Barbosa,7568
Barbre,250
Barclay,251
Barden,252
Barker,253
Barkley,255
Barksdale,256
Barlow,258
Barnard,260
Barner,5508
Barnes,261
Barnett,262
Barney,6401
Barnhardt,264
Barnhart,7422
Barnidge,266
Baron,7569
Barr,5697
Barret,269
Barrett,270
Barrington,5687
Barron,274
Barrow,275
Barry,276
Bars,6030
Bartee,278
Bartel,279
Bartell,280
Barth,281
Bartholomew,283
Bartlett,6697
Bartley,7570
Barton,285
Bartrum,286
Bartu,5733
Barwin,289
Basanez,290
Basham,292
Bashir,291
Baskett,294
Basnight,295
Bass,297
Bassett,7423
Bassey,298
Batch,299
Bateman,7571
Bates,301
Batista,7572
Batiste,302
Batson,7122
Battaglia,303
Batten,304
Battle,305
Battles,306
Bauer,6670
Baugh,307
Baugher,308
Baum,7573
Bauman,309
Bausby,6541
Bautista,5624
Bawden,6975
Baxter,311
Bayer,5800
Baylark,312
Baylis,313
Bazuin,314
Beach,315
Beachum,316
Beadles,317
Beal,318
Bean,320
Beard,6698
Beasley,323
Beason,324
Beathard,6375
Beatty,325
Beauharnais,5585
Beaver,7490
Beavers,6306
Bech,328
Becht,329
Beck,330
Becker,6699
Beckett,332
Beckham,333
Beckner,7304
Beckum,334
Beckwith,335
Becton,5776
Bedell,337
Bednarick,7150
Beebe,7108
Beede,340
Beekman,341
Beeler,342
Begay,7574
Beisel,346
Belcher,348
Bell,350
Bellamy,351
Bellanca,352
Bellisari,353
Bello,6847
Bellore,354
Belser,358
Belton,360
Beltran,6700
Benard,362
Bender,363
Benedict,364
Benenoch,6172
Benford,365
Benitez,7822
Benjamin,366
Benkert,6956
Benn,367
Bennett,368
Benoit,370
Benson,371
Bentley,372
Benton,6760
Benwikere,5801
Benzschawel,7253
Bequette,373
Bercovici,6329
Berg,6701
Bergen,376
Berger,5693
Bergeron,7424
Bergman,7575
Bergstrom,380
Berhe,5802
Beriault,381
Berlin,382
Berman,7576
Bermudez,7390
Bernadeau,384
Bernard,385
Bernstein,7577
Bernstine,386
Berrian,387
Berrios,6957
Berry,388
Bersin,5803
Bertolet,6353
Berton,389
Bess,391
Best,393
Betancourt,7491
Bethea,395
Bethel,396
Bethel-Thompson,397
Bettis,400
Betts,401
Beuerlein,402
Beverly,403
Beyer,5800
Biakabutuka,404
Bialosuknia,406
Bias,407
Bibbs,5804
Bibla,409
Bickerstaff,412
Biddle,413
Bidwell,404
Biegel,6614
Biekert,415
Bienemann,416
Bieniemy,417
Biermann,418
Bierria,419
Bigby,420
Biggers,421
Biggs,7492
Bighill,6848
Bilbo,422
Biletnikoff,423
Billings,6299
Billingsley,424
Billups,425
Bilukidi,427
Bing,428
Bingham,429
Binn,430
Binns,431
Bird,432
Birdine,433
Birk,434
Birmingham,436
Bironas,437
Bishop,438
Bisnowaty,6592
Bissinger,440
Bitonio,5698
Bivens,7130
Bjornson,443
Black,444
Blackburn,445
Blackman,447
Blackmon,447
Blacknall,7110
Blackshear,448
Blackson,5805
Blackstock,449
Blackwell,450
Blade,451
Blades,452
Blair,6031
Blaise,453
Blake,454
Blakley,456
Blalock,457
Blanchard,5676
Blanchflower,5806
Bland,7374
Blanda,460
Blanding,6899
Blankenship,461
Blanton,463
Blaylock,466
Bledsoe,469
Blevins,470
Blewitt,7804
Blizzard,473
Block,7493
Blonko,7180
Bloom,475
Blount,476
Blue,477
Blum,7578
Blumberg,1188
Bly,479
Blythe,6206
Board,7138
Boatwright,6032
Bober,483
Bobo,484
Bock,485
Bodden,486
Boddy-Calhoun,6986
Bodiford,489
Bodine,5737
Body,492
Boehm,6179
Boehringer,6307
Boenzi,5625
Boerigter,493
Boesen,7013
Boettger,7075
Boffeli,5807
Bogan,495
Boger,496
Boggs,497
Bogle,498
Bohanon,5518
Boiman,501
Boireau,502
Bojicic,503
Bojorquez,7080
Bolden,6667
Boldin,504
Bolen,505
Boley,506
Boling,507
Boller,509
Bolles,6562
Bollinger,508
Bolser,5808
Bolston,510
Bolton,7174
Bomar,512
Bonani,5738
Bond,513
Bonea,7823
Bonham,515
Bonnafon,7087
Bonner,517
Bono,518
Booker,519
Bookman,520
Boone,521
Booth,522
Boothe,522
Booty,523
Boozer,7069
Bordano,524
Bordelon,525
Borden,7579
Borders,6858
Borel,526
Boren,527
Borland,5699
Bortles,5700
Borum,530
Bosa,6117
Bosch,7042
Boschetti,531
Boselli,532
Bosher,533
Boss,534
Bostic,535
Bostick,535
Boston,537
Boswell,5809
Bosworth,539
Boucher,7425
Boudreaux,7580
Boulware,542
Bouman,543
Bourne,6831
Bouye,5752
Bowanko,5810
Bowden,546
Bowe,547
Bowen,548
Bowens,549
Bower,6656
Bowers,550
Bowie,551
Bowles,6033
Bowling,507
Bowman,553
Bowser,554
Boyce,555
Boyd,556
Boyer,557
Boyett,558
Boyette,7022
Boykin,559
Boykins,6802
Boyko,6874
Boyle,5811
Bozeman,561
Brace,562
Brackenridge,564
Brackens,565
Brackett,566
Brackins,567
Bradberry,6270
Braden,6660
Bradfield,569
Bradford,570
Bradham,571
Bradley,572
Bradshaw,573
Brady,574
Bragg,575
Braham,576
Brailford,7307
Brake,578
Braman,579
Bramlet,580
Branch,581
Brand,7581
Brandenburg,583
Brandon,584
Brandstater,585
Brandt,586
Brannon,7582
Branson,587
Brant,588
Brantley,6563
Brate,5812
Bratzke,592
Braun,7168
Braunecker,6357
Braverman,6116
Bravo,7821
Braxton,593
Bray,594
Brayton,595
Brazell,596
Brazill,298
Brazzell,599
Breaston,600
Breaux,6219
Breckner,5813
Breeland,5701
Brees,604
Breida,6822
Brendel,6386
Breneman,6940
Brennan,605
Brenner,5779
Brent,606
Brewer,608
Brewster,609
Brice,6349
Bridge,5814
Bridges,610
Bridgewater,5702
Brien,612
Brigance,613
Briggs,614
Bright,615
Brightful,616
Brindza,6168
Brink,617
Brinker,618
Brinkley,619
Brisby,621
Briscoe,622
Brisiel,623
Brissett,6148
Brister,624
Brito,7426
Britt,625
Britton,626
Britz,6402
Brock,629
Brockel,630
Brockermeyer,631
Brockers,632
Brodine,633
Brohm,634
Bromell,635
Bromley,636
Bronson,637
Brooking,638
Brookins,639
Brooks,640
Brooner,7672
Brossette,7328
Brothers,6304
Broughton,642
Broussard,643
Brown,644
Browner,646
Browning,647
Broyles,649
Bruce,650
Bruener,652
Bruggeman,654
Brumfield,7250
Brunell,655
Bruner,7672
Brunner,7583
Bruno,7187
Brunskill,6634
Brunson,7801
Bruschi,657
Brutley,658
Bruton,659
Brutus,6325
Bryan,660
Bryant,661
Bryson,662
Brzezinski,664
Bua,665
Bubin,666
Bucannon,668
Buchanan,668
Buchanon,668
Buck,669
Buckey,670
Buckhalter,671
Buckley,672
Buckner,673
Buehler,674
Buenning,675
Bueno,7584
Buesing,7222
Buggs,676
Buhl,678
Bulaga,682
Bulger,683
Bull,6682
Bullard,684
Bullitt,685
Bullock,686
Bullocks,687
Bullough,5815
Bulluck,688
Bulman,689
Bunch,7494
Bundren,691
Bundy,6547
Bunkley,693
Bunting,7313
Burbank,694
Burbridge,6287
Burch,6034
Burfict,699
Burford,700
Burge,701
Burgess,702
Burgos,7391
Burk,7585
Burke,703
Burkett,7427
Burkhart,7586
Burkhead,5509
Burks,704
Burleson,705
Burley,706
Burnely,6673
Burnett,708
Burnette,7587
Burney,709
Burnham,7588
Burns,710
Burr,711
Burrell,6035
Burress,713
Burris,714
Burr-Kirven,7309
Burrough,715
Burroughs,716
Burrows,716
Burse,5816
Burt,718
Burton,719
Burwell,6115
Busby,7589
Bush,721
Bushrod,722
Busing,723
Bussey,724
Butcher,7495
Butker,6689
Butkus,725
Butler,726
Butrym,729
Butt,6568
Butts,6568
Buzbee,731
Byard,6302
Byars,733
Byers,734
Byham,735
Byndom,5817
Bynes,738
Bynum,7590
Byrd,739
Byrne,740
Byrum,741
C,742
Cabinda,6904
Cabrera,5626
Cadet,745
Cadogan,746
Cage,6397
Cagle,7591
Cahill,7428
Cain,748
Cajuste,6387
Caldwell,749
Calhoun,750
Calico,751
Calitro,7139
Callahan,6174
Callaway,753
Calloway,755
Calmelat,756
Calmus,757
Calvert,6679
Calvin,758
Camacho,7824
Camarillo,759
Cameron,761
Camp,7201
Campanaro,5818
Campbell,762
Campion,764
Campos,7072
Canaday,6358
Canady,6282
Canfield,767
Canidate,768
Cann,5819
Cannida,771
Cannon,772
Canonico,773
Cantelupe,774
Cantrell,6761
Cantu,775
Cantwell,776
Canty,777
Capel,779
Capers,780
Capi,6856
Cappa,6939
Capps,7592
Carden,5820
Carder,785
Cardona,5821
Carew,6958
Carey,786
Cargile,787
Carimi,790
Carlisle,791
Carlos,7593
Carlson,792
Carlton,7429
Carlyle,793
Carman,794
Carmazzi,795
Carmichael,796
Carmon,797
Carmona,7373
Carnahan,798
Carney,800
Carpenter,802
Carr,804
Carradine,5571
Carraway,6593
Carrell,7216
Carrera,7594
Carrethers,5822
Carrie,5823
Carrier,805
Carriker,806
Carrington,807
Carrizosa,7078
Carroll,808
Carroo,6129
Carson,811
Carstens,812
Carswell,813
Carter,814
Carthon,815
Cartwright,816
Carty,817
Caruso,7430
Carvalho,819
Carver,7176
Casas,5627
Cascadden,821
Case,6762
Casey,822
Cash,823
Casher,6817
Cashman,7329
Casillas,825
Cason,826
Casper,827
Cassel,828
Cassidy,7376
Castaneda,829
Castellanos,7188
Castille,830
Castillo,831
Castle,7431
Castonzo,832
Castro,6702
Catalina,6842
Catanzaro,5824
Catapano,5732
Cates,6036
Cattouse,835
Caudill,7595
Caulcrick,836
Caussin,838
Cavanaugh,7596
Cave,5679
Caver,839
Cavil,840
Cavka,841
Caylor,842
CB,843
Ceballos,7597
Cecil,844
Celek,845
Celestin,846
Cesaire,849
Cesario,850
Chachere,6959
Chacon,7392
Chadsworth,7851
Chadwick,7598
Chamberlain,851
Chamberlin,852
Chambers,853
Chamblin,854
Champion,7599
Chancellor,858
Chancey,860
Chandler,861
Chaney,862
Chang,6703
Chanoine,863
Chapas,864
Chapman,865
Chappell,7496
Chark,6923
Charles,868
Charleston,869
Charlton,870
Chase,872
Chatham,874
Chatman,875
Chau,7600
Chavez,876
Chavis,7021
Chavous,878
Cheek,880
Cheevers,7316
Chekwa,883
Chen,6704
Cheridor,7016
Cherilus,885
Cherry,887
Chesson,6600
Chester,888
Chestnut,6361
Chiaverini,889
Chibane,5678
Chick,890
Chickillo,5825
Childers,6037
Childress,893
Childs,894
Chiles,6244
Chillar,896
Chin,897
Chinasa,898
Chisholm,6038
Chism,900
Chmura,902
Cho,7171
Chocolatey,903
Choi,7825
Choice,904
Chong,7601
Chow,7602
Choy,7825
Chrebet,906
Chris,907
Christensen,6705
Christian,909
Christie,911
Christmas,7286
Christopher,7206
Christy,913
Chryplewicz,914
Chu,7209
Chubb,6362
Chukwuma,915
Chukwurah,916
Chung,917
Chunn,7086
Church,918
Chustz,919
Cichy,6941
Cieslak,921
Cioffi,6816
Ciurciu,924
Clabo,925
Clady,926
Claiborne,927
Clancy,928
Clapp,929
Clare,930
Clarett,931
Claridge,932
Clark,933
Clarke,934
ClarkeI,6987
Clary,935
Clausell,6544
Clausen,937
Clauss,938
Claxton,939
Clay,940
Clayborn,941
Claybrooks,942
Clayton,943
Clear,5826
Cleary,6137
Cleeland,945
Clemens,946
Clement,947
Clements,948
Clemmings,5827
Clemons,950
Cleveland,5828
Cliett,6235
Clifford,7497
Clifton,952
Cline,953
Clinkscale,954
Clinton,955
Clinton-Dix,5739
Cloherty,957
Cloud,958
Clowney,959
Clutts,960
Coady,962
Coakley,963
Coale,964
Coat,966
Coates,966
Coats,966
Cobb,967
Cobbs,968
Cobourne,970
Cochart,971
Cochran,972
Cochrane,972
Cockerham,973
Cockrell,5829
Cody,974
Coe,975
Coffee,977
Coffey,977
Coffman,978
Cofield,979
Coghill,980
Cohen,981
Cohens,982
Coker,6039
Colbert,984
Colburn,7239
Colclough,985
Cole,986
Coleman,988
Coles,989
Coley,990
Colinet,991
Colledge,992
Collie,993
Collier,994
Collins,995
Colman,996
Colmer,997
Cologne,7826
Colombo,998
Colon,999
Colquitt,1000
Colston,1002
Colter,7802
Colvin,1003
Combs,1005
Comella,1006
Cominsky,7271
Commings,5600
Compas,1009
Compton,1010
Conaty,1014
Condo,1015
Condren,1016
Cone,1017
Coney,7275
Conheeney,5674
Conklin,6300
Conley,1019
Connell,1020
Connelly,7311
Conner,1021
Connolly,1022
Connor,1023
Connors,7432
Conover,1024
Conque,6797
Conrad,1025
Conrath,1026
Conroy,7603
Considine,1027
Conte,1028
Contreras,6706
Conway,1029
Conwell,1030
Cook,1032
Cooke,1032
Cooks,5703
Cooley,1035
Coons,5830
Cooper,1036
Cope,7604
Copeland,1037
Coples,1038
Copper,1039
Coprich,6364
Corbett,6040
Corbin,7371
Corcoran,7605
Cordero,7193
Cordle,1041
Cordova,1042
Core,6126
Corey,7606
Corley,7607
Corliss,1044
Cormier,7608
Cornelius,1045
Cornell,7498
Corner,1047
Cornett,7609
Cornick,5831
Corona,6763
Coronado,7363
Corp,1049
Correa,6283
Cortez,1050
Corto,1051
Cosby,1055
Costa,1058
Costanzo,1059
Costello,7177
Coston,1060
Cota,1061
Cotchery,1062
Cote,966
Cothran,7029
Cothren,7029
Cottam,1063
Cotton,1064
Cottrell,1065
Couch,1066
coulter,7802
Council,1068
Countess,6233
Couplin,5832
Courtney,7367
Cousins,1070
Coutee,6935
Coutler,7433
Coutu,1071
Covington,1072
Cowan,1073
Coward,6871
Cowart,1074
Cowser,6323
Cox,6597
Coyle,5833
Crable,1079
Crabtree,1080
Cracraft,7135
Craft,1082
Craig,1083
Crain,7610
Cramer,1084
Crandall,7611
Crane,6764
Craven,7612
Cravens,6284
Craver,1086
Crawford,1087
Crawley,6527
Crayton,1088
Crecelius,7044
Crecion,1089
Creer,1092
Creese,1093
Crenshaw,7613
Crespo,7614
Crews,1123
Cribbs,1095
Crichton,5742
Crick,1096
Criner,1097
Crisp,6041
Crittenden,1099
Crocker,1101
Crockett,1102
Cromartie,1103
Cromartie-Smith,1104
Crompton,1105
Cronin,7615
Croom,1107
Crosby,1108
Cross,1109
Crossan,6820
Crossen,6983
Croston,6838
Crouch,7393
Crow,7852
Crowder,1112
Crowe,7195
Crowell,1113
Crowley,7185
Croyle,1115
Cruikshank,6929
Cruise,1123
Crummey,1118
Crump,7434
Crumpler,1120
Crutchfield,1122
Cruz,1123
Cudjo,1125
Cudjoe-Virgil,6234
Cuellar,7499
Cuevas,7827
Culberson,1126
Culbreath,1127
Culkin,6829
Cullen,7796
Culliver,1129
Culpepper,1130
Culver,1131
Cumberland,1132
Cumbie,1133
Cummings,1134
Cummins,1135
Cundiff,1136
Cunningham,1137
Curley,1140
Curran,1141
Currie,1142
Curry,1142
Curtin,1143
Curtis,1144
Cushing,1145
Custis,7330
Cutler,1147
Cutrera,1148
Cutting,7818
Cyprien,5609
Dach,1152
Dacus,1153
Dada,1154
Dahl,1155
Dailey,1156
Dale,7200
Daley,7262
Dalman,1159
Dalton,1160
Daluiso,1161
Danahy,1164
Dangerfield,6393
Daniel,1167
Daniels,1168
Dansby,1169
Dantzler,1172
Darboh,6594
Darby,1173
Darche,1174
Darden,1175
Dareus,1177
Darilek,1179
Darius,1180
Darkwa,5834
Darling,1181
Darman,6042
Darnell,7617
Darnold,6880
Darr,6124
DaSilva,7435
Datish,1183
Datko,1184
Daugherty,6765
Davenport,1186
Davey,1187
David,1188
Davidson,6707
Davie,1190
Davies,7394
Davis,1191
Davison,1192
Dawkins,1193
Dawsey,1195
Dawson,1196
Day,1197
Dayes,6589
Dayne,1198
De,7064
Deaderick,1201
Deal,7436
Dean,1203
Dearth,1204
Deayon,6857
DeBord,6396
Debose,5835
DeCastro,1208
DeChristopher,1210
DeCicco,1211
Decker,1212
DeCoud,1213
Deese,1215
DeGeare,1216
DeGraffenreid,1217
DeGrate,1218
Deiter,7251
Dekker,1220
Del,1221
Delaire,6146
Delaney,6960
Delgado,5628
Delhomme,1227
Dell,1228
Dellenbach,1229
Delmas,1230
DeLoach,1231
Deloatch,1231
DeLong,1232
DeLosSantos,7618
Delpit,7228
DeLuca,6961
DeMar,1234
DeMarco,1235
Demby,6962
Demens,5836
Demps,1238
Dempsey,7372
DeMulling,1239
Denman,1240
Denmark,7805
Dennard,1242
Denney,1243
Dennis,1244
Denny,7619
Dent,1245
Denton,1246
DeOssie,1248
DePalma,6359
DePaola,5837
Derby,5838
Dercher,1251
Derr,1253
Desir,5704
Detmer,1254
DeValve,6158
DeVan,1255
Develin,1257
Dever,1258
Devey,5839
Devine,1259
Devito,1260
Devlin,1261
Devoe,1262
DeVree,1263
DeVries,1264
Dewalt,1265
DeWitt,7379
Dexter,1266
D-Garrido,1267
Dial,5673
Diamond,1269
Diarse,7102
Diaz,6043
Dickens,7620
Dickerson,1272
Dickey,7500
Dickinson,7375
Dickson,1274
Diedreck,1275
Diehl,1277
Dielman,1278
Diem,1279
Dierdorf,1280
Dieter,7136
Dietrich,7621
Dietrich-Smith,1281
Dietz,7622
Diggs,1282
DiGiorgio,1283
DiLauro,7067
Dildine,1284
Dile,1285
Diles,1287
Dilger,1288
Dill,7623
Dillard,1289
Dillon,1291
DiManche,5728
DiMarco,5668
DiMento,1292
Dimke,5840
D'Imperio,1293
DiNapoli,1294
Dingle,1295
Dinkins,1297
Dishman,1298
Dismukes,5841
Dissly,6963
Ditka,1299
Divens,1301
Dixon,1302
Dizon,1303
Djeri,7015
Doan,7437
Dobbins,1305
Dobbs,1306
Dobson,1307
Dockery,1308
Dockett,1309
Doctson,6151
Dodd,6301
Dodge,1311
Dodson,6767
Doering,1312
Dogbe,7324
Dogins,1313
Doherty,7395
Dolan,7364
Doman,1315
Dombrowski,1316
Dominguez,1317
Donahue,1318
Donald,5705
Donaldson,1320
Donnal,5842
Donnalley,1322
Donnell,5761
Donnelly,6044
Donnerson,6984
Donovan,6768
Dooley,6964
Doolittle,6045
Dora,6335
Doran,7624
Dorenbos,1329
Dorleant,6367
Dorris,1330
Dorsett,1331
Dorsey,1332
Dortch,7306
Doss,1334
Dotson,1336
Doucet,1337
Dougherty,6765
Doughty,1338
Douglas,1339
Douzable,1340
Dow,7625
Dowell,7626
Dowling,1342
Downey,1344
Downing,1345
Downs,1346
Dowtin,5658
Doyle,6046
Dozier,6260
Draft,1349
Dragos,1350
Dragosavich,1351
Drake,1352
Drakeford,1353
Drango,6156
Draper,1355
Draughn,1356
Dray,1357
Drayton,1358
Dreessen,1359
Dreisbach,1360
Drescher,1361
Dressler,5843
Drew,1362
Driscoll,7501
Driskel,6135
Driver,1364
Droege,1365
Dronett,1366
Droughns,1367
Druckenmiller,1369
Drummond,1370
DT,1371
Duarte,6224
Dubois,7502
Dubose,5844
Ducasse,1374
Duck,7317
Duckett,1375
Duckworth,1376
Ducre,6242
Dudley,1378
Duff,1380
Duffy,6769
Dugan,1383
Dugans,1384
Duke,6991
Dukes,1387
Dulin,7331
Dumas,1388
Dumervil,1389
Dunbar,1391
Duncan,1392
Dungey,7241
Dunham,7503
Dunker,6648
Dunlap,1394
Dunn,1395
Dunsmore,1396
Dupre,5845
Dupree,5845
Dural,6607
Durand,1401
Durant,1402
Durden,6385
Durham,1404
Durr,7006
Dutka,1405
Dutton,7627
Duvall,7438
Duvernay-Tardif,5846
Dvoracek,1406
Dwelley,7096
Dwight,1407
Dwyer,1408
Dye,5778
Dyer,1409
Dykes,1410
Dysert,5502
Dyson,1413
Dzubnar,6185
Eachus,1414
Eagan,6542
Eakin,1415
Ealy,1416
Earl,1417
Easley,1419
Easlick,1420
Eason,1421
East,7153
Eastman,7628
Easton,6047
Easy,1425
Eaton,1427
Eberle,7332
Ebert,1429
Ebner,1430
Ebron,5740
Ebukam,6671
Eby,1432
Echols,1434
Eckel,1435
Ecker,1436
Eckert,7629
Economos,1437
Eddie,7439
Eddins,1440
Edds,1441
Eddy,7439
Edebali,5847
Edelman,1442
Edison,1444
Edlrenkamp,6812
Edmond,7005
Edmonds,1445
Edmunds,1445
Edoga,7249
Edwards,1446
Efaw,1447
Egan,7504
Egboh,1450
Egbule,7333
Egnew,1454
Ehinger,6199
Ehlinger,7226
Eifert,5530
Ejiofor,6897
Ejiya,7312
Ekanem,6610
Ekejiuba,1456
Ekeler,6830
Ekpre-Olomu,5848
Ekuale,7019
Ekuban,1457
Ekwerekwu,1458
Elam,1459
Elder,6617
Eldrenkamp,6995
Eldridge,1460
Elenz,6340
Elflein,6570
Elgin,1461
Elias,1463
Eligwe,6657
Elimimian,1464
Elkins,7356
Ellerbe,1466
Ellerbee,1466
Elling,1467
Ellingson,1468
Ellington,1469
Elliott,1471
Ellis,1472
Ellison,1473
Elliss,1472
Ellsworth,1474
Elmore,1475
Eloms,1476
Elston,6327
Eluemunor,6575
Elway,1477
Emanuel,1479
Emerson,7189
Emery,7384
Ena,1483
Enderle,1484
Enemkpali,5849
Engel,7505
Engelberger,1485
England,7197
Engle,7630
Engler,1486
English,1487
Engram,1488
Enis,1489
Ennis,7631
Enunwa,5850
Enzor,1490
Ephraim,1492
Epps,1494
Epstein,1495
Erbach,1497
Erickson,1499
Ernsberger,6965
Ernst,7632
Ernster,1501
Ertz,5532
Ervin,6310
Erving,6147
Erwin,7506
Escalante,7797
Escobar,5531
Espinosa,5629
Esponda,1505
Esposito,1506
Espy,1507
Essex,1508
Estandia,1509
Estes,1510
Estrada,7162
Etling,6966
Etta-Tawo,6591
Eubanks,1512
Eugene,1513
Euhus,1514
Eulls,6152
Evans,1516
Everett,1518
Everitt,1518
Ewing,1519
Exum,5851
Eze,7220
Ezeala,7034
Ezekiel,1520
Fabiano,6537
Fabini,1521
Fabuluje,5852
Fackrell,6309
Facyson,6951
Fagan,7633
Faggins,1523
Faine,1524
Fair,1525
Fairbairn,6372
Fairley,1528
Fajardo,5853
Falah,7113
Fales,5706
Falk,6946
Fallin,6360
Fallow,7230
Fanaika,1532
Faneca,1534
Fanene,1535
Fangupo,1536
Fannin,1537
Fant,6534
Fantuz,1539
Fargas,1540
Farley,6529
Farmer,1542
Farquhar,1543
Farr,1544
Farrell,5854
Farrior,1545
Farris,1546
Farrow,6363
Farwell,1548
Fasani,1549
Fasano,1550
Fassitt,1552
Fatafehi,1553
Fatinikun,5855
Fatu,5630
Fatukasi,6938
Faulk,1554
Faulkner,6770
Fauria,5534
Faust,7634
Favorite,1556
Favors,1557
Favre,1558
Fayson,1559
Fazande,1560
FB,1561
Feagles,1562
Fede,5856
Federkeil,1566
Feeley,1568
Feely,1569
Feeney,6279
Fe'esago,1570
Feiler,6539
Feinga,1573
Fejedelem,6127
Felder,1574
Feldman,7507
Feliciano,5857
Felix,1576
Fells,1577
Felton,1578
Fender,6048
Fenderson,1580
Fenelus,1581
Fenner,5858
Fenton,7334
Ferentz,5859
Ferguson,1584
Fernandez,5631
Ferrara,1586
Ferrario,1587
Ferreira,7358
Ferrell,6049
Ferrer,7635
Ferris,6157
Ferwerda,1589
Fiala,1590
Fiammetta,1591
Ficken,6876
Fiedler,1592
Fiedorowicz,5707
Fields,1593
Fife,1594
Fifita,1595
Figurs,1597
Filani,1598
Filimoeatu,5860
Filipovic,1600
Fina,1601
Finau,5684
Finch,6050
Fincher,1603
Fine,1604
Finger,1605
Fink,7208
Finley,1606
Finn,7440
Finnegan,1607
Finneran,1609
Finnerty,1610
Finney,5861
Fiore,1611
Firkser,7140
Fischer,1613
Fish,7355
Fisher,1613
Fisk,1615
Fitch,1616
Fitts,6922
Fitzgerald,1619
Fitzpatrick,1620
Fitzsimmons,1621
Flacco,1622
Fladell,1623
Flaherty,7636
Flanagan,1624
Flanders,5862
Flanigan,1624
Flannery,1625
Flavors,6921
Fleck,1626
Fleener,1627
Fleer,7074
Fleming,1628
Flemister,1629
Flemons,1631
Fletcher,1633
Flinn,1635
Flint,7637
Flood,7638
Florence,1636
Flores,6394
Flowers,1637
Floyd,1638
Fluellen,1640
Flugence,1641
Fluker,5542
Flutie,1642
Flynn,1643
Fogg,6247
Fokou,1645
Folau,1646
Foles,1647
Foley,1648
Folk,1649
Folkerts,5770
Follett,1650
Folsom,1651
Folston,1652
Fong,7639
Fonoti,1653
Fonseca,7396
Fontenot,1655
Foote,1660
Forbath,1661
Forbes,1662
Ford,1663
Fordham,1664
Foreman,1666
Forney,1667
Forrest,1668
Forsett,1669
Forsey,1670
Forston,1672
Fort,1673
Forte,1674
Fortin,1675
Fortt,1673
Foschi,1677
Foster,1678
Foucault,5863
Fountain,1679
Fournette,6555
Fowler,1681
Fox,1683
Foxworth,1684
Fragel,5550
Fraley,1685
Frampton,1687
France,1688
Francies,1689
Francis,1690
Francisco,1691
Franco,7828
Francois,1692
Frank,1693
Franklin,1694
Franklin-Myers,6994
Franks,1695
Franz,1696
Fraser,1697
Frazier,1699
Frederick,1700
Fredrickson,1701
Free,1702
Freeman,1703
Freeney,1704
Freeny,1705
Freese,6412
Freitas,1707
French,1708
Frerotte,1709
Frese,7126
Frey,1710
Frias,7640
Fricke,1711
Friedman,1712
Friend,6369
Friesz,1713
Frisch,1715
Fritts,7299
Fritz,7173
Froholdt,7254
Frome,1717
Frost,1718
Fry,1720
Fryar,1721
Frye,1720
FS,1722
Fua,1723
Fuamatu-Ma',1724
Fuata,1725
Fudge,1726
Fuehne,6342
Fuentes,7829
Fugger,1727
Fujita,1729
Fulcher,1730
Fulgham,7258
Fuller,1731
Fullington,6878
Fulton,1732
Fumagali,6915
Fumagalli,6985
Funchess,5864
Funk,7397
Furio,1734
Furrey,1737
Fusco,1738
Gabbert,1740
Gabriel,1742
Gachkar,1743
Gaddis,1744
Gado,1746
Gadsden,1747
Gaffney,1749
Gafford,1750
Gage,1751
Gaillard,7302
Gaines,1753
Gaiter,1754
Gaither,1755
Gaitor,1756
Gale,7641
Gales,1759
Galette,1760
Galippo,1761
Gallagher,6709
Gallarda,1763
Gallegos,7831
Gallery,1765
Gallik,6228
Gallimore,7305
Gallman,6574
Gallo,7508
Gallon,5865
Galloway,1769
Gallup,6881
Galvin,6051
Galyon,1772
Gamble,1773
Gamez,7398
Gammon,1775
Ganaway,1776
Gandy,1777
Gannon,1778
Gano,1779
Gant,1780
Ganther,1781
Garay,1783
Garbutt,7218
Garcia,1784
Garcia-Williams,6859
Garcon,1785
Gardeck,7050
Gardener,1786
Gardner,1787
Gardner-Johnson,7318
Gardocki,1788
Garland,5866
Garmon,1790
Garner,1791
Garnes,1792
Garnett,6253
Garoppolo,5708
Garrard,1795
Garrett,1796
Garrison,6710
Garvin,1798
Gary,1799
Garza,1800
Gash,1801
Gaskin,7237
Gaskins,6171
Gasperson,1804
Gaston,1805
Gates,1806
Gatewood,1807
Gathers,6313
Gatson,1809
Gattis,1811
Gaudin,6711
Gaulden,6902
Gause,6352
Gavadza,1814
Gay,1815
Gaydosh,5867
Gaylor,1817
Gayton,6052
Gbaja,1819
Gbaja-Biamila,1819
Geary,6930
Geathers,1822
Gedeon,6661
Gedney,1823
Gee,7509
Geer,1825
geiger,7798
Geisinger,1827
Gennesy,6630
Gentry,6771
Genus,1832
George,1833
Gerard,1834
Gerber,7642
Gerberry,1835
Gerhart,1836
German,1837
Germany,1838
Gerry,6612
Gesicki,6905
Gesser,1840
Gessner,1841
Gettis,1842
Ghee,1843
Ghent,1844
Ghiaciuc,1845
Gholston,1846
Giacomini,1847
Gibbons,7199
Gibbs,6712
Gibson,1850
Gideon,1851
Giffels,1852
Gifford,7441
Giguere,1854
Gilberry,1855
Gilbert,1856
Gilchrist,1857
Gildon,1858
Giles,6772
Giles-Harris,7308
Gilkey,5730
Gill,6713
Gillaspia,7817
Gillespie,6773
Gilliam,1863
Gillis,7643
Gillislee,5507
Gillmore,6281
Gilmore,1867
Gilreath,1868
Gilyard,1869
Ginda,7051
Ginn,1870
Giordano,1871
Gipson,1872
Girault,1873
Givan,1876
Givens,1877
Gizzi,1878
Glanton,5868
Glasgow,6263
Glass,6053
Glaud,5782
Glears,6054
Gleason,1885
Glenn,1887
Glennon,5501
Glover,1892
Glover-Wright,6191
Glowinski,5869
Glymph,1893
Gocong,1894
Goda,1895
Godchaux,6619
Goddard,1896
Godfrey,1897
Godsil,7290
Godwin,1902
Goedert,6893
Goethel,1898
Goff,1899
Gogan,1900
Goings,1901
Goins,7114
Gold,1903
Goldberg,1904
Golden,1905
Golditch,7040
Goldman,5870
Goldsberry,1906
Goldsmith,7644
Goldson,1907
Goldsteen,7196
Golladay,6668
Golliday,1909
Golson,5871
Golston,1911
GoLucky,1912
Gomes,1913
Gomez,5632
Gono,7076
Gonzalez,1914
Gooch,1915
Good,6203
Goode,1918
Gooden,1920
Goodin,6315
Goodley,5872
Goodman,1921
Goodrich,1922
Goodson,1923
Goodspeed,1924
Goodwell,1925
Goodwin,1926
Goolsby,7098
Gordon,1928
Gordy,1931
Gore,1932
Gorin,1933
Gorman,7181
Gorrer,1934
Goss,1936
Gossett,6931
Gostkowski,1937
Gotsis,6143
Gottschalk,6546
Gould,1940
Gourlay,1941
Gouveia,1942
Gowin,1944
Grace,6638
Graddy,6714
Gradkowski,1946
Grady,6714
Graf,5873
Gragg,1948
Graham,1949
Gramatica,1950
Granderson,7268
Granger,7645
Grant,1956
Granville,1957
Grasmanis,1958
Grasu,5874
Gratz,5597
Gravelle,7060
Graves,1959
Gray,1960
Grayson,5875
Graziani,1963
Grbac,1964
Greco,1965
Green,1966
Green-Beckham,5876
Greenberg,7442
Greenberry,5877
Greene,1966
Green-Ellis,1967
Greenidge,7335
Greenlaw,7285
Greenway,1970
Greenwood,1971
Greer,1972
Gregg,1973
Gregory,1974
Greisen,1975
Grennan,1977
Gresham,1978
Grice,5709
Griebel,6413
Grier,1972
Griese,1981
Griffen,1983
Griffey,7815
Griffin,1983
Griffith,1984
Griggs,1985
Grigsby,1986
Grimble,6296
Grimes,1988
Grimm,1989
Grinnage,7811
Grissom,5878
Gritton,1992
Groce,1993
Grogan,7217
Gronkowski,1994
Groom,1995
Gross,1996
Grossman,1997
Grove,1999
Grover,7646
Groves,2000
Groy,5879
Grubbs,2002
Gruber,2003
Gruder,2004
Grugier-Hill,6274
Grunhard,2006
Gruttadauria,2007
Grymes,7127
Guenther,2008
Guerrero,2010
Guice,6882
Guidry,7443
Guidugli,2012
Guillen,7399
Guillermo,6662
Guion,2015
Gumbs,5765
Gunheim,2019
Gunn,2020
Gunter,5880
Gupta,7647
Gurley,2024
Gurode,2025
Gustafson,7378
Gustin,7336
Guthrie,7178
Gutierrez,2028
Guy,2029
Guyton,2030
Guzman,2031
Gwacham,6217
Ha,7648
Haack,6824
Haas,2145
Haayer,2033
Hack,6824
Hackenberg,6142
Hackett,2034
Hackney,2035
Haddad,2036
Haden,2037
Hadley,6055
Hadnot,2039
Haeg,6207
Hagan,2041
Hagans,2042
Hageman,5710
Hagen,7799
Hager,6210
Hagg,2045
Haggan,2046
Haggans,2047
Haggerty,2048
Hagler,2050
Hahn,6774
Haines,7204
Hairston,2054
Hakim,2055
Hal,6308
Halapin,2056
Halapio,5881
Hale,2057
Hales,2058
Haley,2059
Hali,2060
Hall,2061
Hallen,2062
Hallock,2064
Halterman,2065
Ham,2066
Hambrick,2067
Hamdan,2068
Hamilton,2070
Hamiter,2072
Hamler,2073
Hamlett,6536
Hamlin,2074
Hamm,6248
Hammer,7510
Hammond,5882
Hamner,2077
Hampton,2079
Hancock,6715
Hand,2080
Haney,7170
Hangartner,2082
Hanie,2083
Hankerson,2084
Hankins,2085
Hanks,2086
Hankton,2087
Hanley,7649
Hanna,2088
Hannah,2089
Hannam,2090
Hannemann,7011
Hannon,2091
Hanoian,2092
Hansbrough,6332
Hansen,2094
Hanson,2096
Hanspard,2097
Hape,2098
Haralson,2099
Harbaugh,2100
Harbor,2101
Hardee,6853
Harden,2103
Hardesty,2104
Hardin,2105
Harding,6775
Hardison,5883
Hardman,2106
Hardrick,2108
Hardwick,2109
Hardy,2110
Hare,7650
Harewood,2111
Hargrave,6297
Hargreaves,6169
Hargrove,2112
Harkey,5666
Harline,2113
Harlow,6642
Harmon,2115
Harnish,2116
Harold,5884
Harper,2117
Harrell,2118
Harrington,2119
Harriott,2120
Harris,2121
Harrison,2122
Harry,7293
Hart,2124
Hartage,7314
Hartfield,6336
Hartings,2126
Hartley,2127
Hartline,2128
Hartman,2129
Hartmann,2130
Harts,2131
Hartsell,2132
Hartsock,2134
Hartson,5885
Hartwell,2135
Hartwig,2136
Harvey,2138
Harvey-Clemons,6601
Harvin,2140
Haskins,2143
Haslam,2144
Hass,2145
Hasselbach,2146
Hasselbeck,2147
Hassenauer,7004
Hastings,2148
Hasty,2149
Hatch,2150
Hatcher,2151
Hatchette,2152
Hatfield,6840
Hathaway,7651
Hatley,6877
Haumiller,6716
Hauptmann,5771
Hauschka,2154
Hauser,7652
Havenstein,5886
Havili,2156
Havili-Heimuli,6250
Havner,2157
Hawk,2159
Hawkins,2161
Hawkinson,5545
Hawley,2162
Hawthorne,2163
Hay,7653
Hayden,2164
Haye,2166
Hayes,2167
Hayne,6249
Haynes,2168
Haynesworth,2169
Haynos,2170
Hayward,2171
Haywood,2172
Hazel,5753
Hazelton,2173
HB,2175
Head,7366
Healy,7511
Heap,2178
Heaps,6410
Heard,2180
Hearn,6912
Hearns,7000
Hearst,2181
Heath,2182
Hebert,2183
Heck,2184
Heckendorf,2185
Hector,7025
Heddlesten,6717
Hedelin,6339
Hedgecock,2186
Hedrick,7654
Heeney,5887
Hefney,2191
Hegamin,2192
Heiden,2193
Heimburger,2194
Heinicke,5888
Heinrich,2196
Heitmann,2198
Hekker,2200
Heldfond,6414
Helfet,5889
Heller,2201
Hellestrae,2202
Helm,7337
Helms,7400
Helton,7352
Helu,2204
Hemingway,2205
Hemsley,2206
Henderson,2207
Hendricks,2208
Hendrickson,6611
Hendrix,6056
Hendy,6552
Heneghan,7082
Henery,2210
Henley,7444
Henne,2211
Hennessy,6811
Henning,7655
Hennings,2212
Henry,2214
Hensley,7832
Henson,2216
Hentrich,2217
Hepburn,5890
Heppner,2220
Herbert,7154
Herbig,7301
Heredia,7656
Herman,5741
Hernandez,2222
Herndon,2223
Herold,2224
Herrell,2225
Herremans,2226
Herrera,2227
Herrick,6057
Herring,2228
Herrion,2229
Herron,2230
Herzlich,2231
Hess,6718
Hester,2233
Hetherington,2234
Heuerman,5891
Heupel,2235
Heurtelou,6405
Hewitt,2236
Heyer,2237
Heyman,2238
Heyward,2239
Heyward-Bey,2240
Hickey,7205
Hickman,2243
Hickok,2244
Hicks,2245
Higbee,6280
Higdon,7238
Higgins,2247
Highsmith,2249
Hightower,2250
Hikutini,6580
Hilbert,2251
Hildago,7512
Hilgenberg,2252
Hill,2253
Hilland,7003
Hillary,6366
Hillenmeyer,2254
Hilliard,2256
Hillis,2257
Hillman,2258
Hills,2259
Hilton,2261
Hinds,7657
Hines,2264
Hinkle,7513
Hinson,7445
Hinton,2265
Hirsch,7658
Hitchcock,2269
Hitchens,5892
Hix,2270
Hixon,2271
Hoag,2272
Hoard,2273
Hobbs,2274
Hobert,2276
Hobgood-Chittick,2277
Hobson,2278
Hochstein,2279
Hockenson,7296
Hocker,5893
Hodel,2281
Hodgdon,2282
Hodge,2283
Hodges,2284
Hoese,2285
Hoff,7659
Hoffman,2286
Hoffman-Ellis,2287
Hoffmann,2286
Hofmann,2286
Hogan,2288
Hogans,2289
Hoge,2290
Hogue,2291
Hoke,2293
Holba,6683
Holbrook,7401
Holcomb,2294
Holcombe,2295
Holden,6639
Holder,7111
Holdman,2298
Holecek,2299
Holland,2300
Hollenbach,2301
Hollenbeck,2302
Holley,2303
Holliday,2304
Hollier,2305
Holliman,5894
Hollings,2308
Hollingsworth,7402
Hollins,6598
Hollis,2309
Hollister,6839
Holloman,5591
Holloway,2311
Hollowell,2312
Holly,2313
Holman,2314
Holmberg,2315
Holmes,2316
Holsey,2317
Holt,2318
Holton,6346
Holyfield,7292
Homan,2320
Homer,7338
Honeycutt,7660
Hood,2324
Hooey,5895
Hooker,6556
Hooks,6997
Hoomanawanui,2326
Hooper,6240
Hoover,2327
Hope,2328
Hopkins,2329
Hopper,6675
Hoppes,7101
Hopson,2331
Horan,2332
Horn,2333
Horne,2334
Horner,7403
Horton,2336
Horvath,7661
Hoskins,5896
Hosley,2338
Hough,7662
Houghton,2342
Houma,6373
House,2343
Houser,2344
Houshmandzadeh,2345
Housler,2346
Houston,2347
Houston-Carson,6252
Hovan,2348
Howard,2349
Howe,7833
Howell,2351
Howey,2352
Howry,2353
Howsare,6533
Hoyer,2356
Hoyte,2358
Hu,7446
Huang,2359
Huard,2360
Hubbard,2361
Huber,2362
Hubert,6378
Huckeba,2364
Huddleston,7663
Hudson,2365
Huerta,5633
Huff,2366
Huffman,6719
Huggins,2367
Hughes,2368
Hughlett,6182
Hull,2372
Hulsey,2373
Humber,2374
Humes,2375
Humpal,2376
Humphrey,2377
Humphries,5897
Hundley,5898
Hundon,2378
Hunt,2379
Hunter,2380
Huntington,2381
Huntley,2382
Hurd,2383
Hurley,6776
Hurns,5899
Hurst,6058
Hurt,2388
Husak,2390
Husted,2392
Huston,2393
Hutchins,2394
Hutchinson,2395
Hutchison,2395
Hutson,2396
Hutton,2398
Huval,6059
Huyck,2400
Hwang,7664
Hyatt,7300
Hybl,2401
Hyde,5603
Hyder,2402
Hymes,2404
Hynoski,2405
Ibbara,7156
Idonije,2406
Ifedi,6238
Iglesias,2408
Igwebuike,6976
Igwenagu,2409
Ihedigbo,2410
Ihenacho,2411
Ijalana,2413
Ikard,6204
Ikegwuonu,2414
Ilaoa,2415
Iloka,2416
Incognito,2418
Ingersoll,2419
Ingold,7260
Ingram,2423
Inman,5900
Insley,2425
Inzer,2426
Ioane,2427
Ioannidis,6285
Iorio,2428
Iosefa,6239
Irons,2430
Irvin,2431
Irving,2432
Irwin,2433
Isaac,7665
Isabella,7259
Isaia,2435
Isdaner,2436
Ishmael,2437
Isidora,6643
Ismail,2437
Israel,2439
Issac,2440
Ittersagen,2441
Iupati,2442
Iverson,7666
Ives,6060
Ivey,2444
Ivie,6687
Ivory,2445
Ivy,2446
Iwebema,2447
Iworah,6255
Iwuchukwu,2448
Iwuh,2449
Iwuoma,2450
Iyiegbuniwe,6932
Izzo,2451
Jack,6258
Jacke,2452
Jackson,2454
Jacobs,2455
Jacobsen,7667
Jacobson,6720
Jacoby,2456
Jacquet,2457
Jaeger,2458
Jamerson,6934
James,2459
Jameson,2460
Jamison,2461
Jammer,2462
Janikowski,2463
Janis,5901
Janovich,6141
Jansen,2464
Janus,2466
Jarmon,2469
Jarrett,2470
Jarvis,6777
Jarwin,6651
Jasper,2473
Jean,2476
Jean-Baptiste,2477
Jean-Gilles,2478
Jeanpierre,2480
Jeanty,2481
Jeffcoat,5902
Jeffers,2483
Jefferson,2484
Jeffery,2485
Jeffries,2486
Jelks,7267
Jells,2488
Jenkins,2489
Jennings,2490
Jensen,2491
Jerman,2492
Jernigan,2493
Jerod-Eddie,2494
Jerome,6631
Jerry,2495
Jervey,2496
Jeter,6061
Jett,2498
Jeune,6967
Jewell,6917
Jimenez,2499
Jimoh,2501
Joe,6062
Joeckel,2503
John,5903
Johns,6063
Johnson,2506
Johnston,2508
Johnstone,2509
Joiner,7668
Jolly,2511
Jones,2512
Jones-Drew,2513
Jones-Quartey,6106
Jones-Smith,6968
Joplin,6684
Jordan,2515
Jorgensen,7447
Jose,5634
Joseph,2517
Joseph-Day,6993
Josiah,2519
Jowers,2520
Joyce,2521
Joyner,2522
Judd,6872
Judie,2524
Judon,6150
Jue,2525
Julian,7669
June,2526
Jung,7404
Jurevicius,2528
Jurovich,2530
Justice,2531
Justin,2532
Juszczyk,5654
K,2533
Kaaya,6581
Kacyvenski,2534
Kaczur,2535
Kaddu,2536
Kadela,2537
Kaeding,2538
Kaepernick,2539
Kaesviharn,2540
Kafka,2541
Kahler,2543
Kaiser,2544
Kalambayi,6945
Kalil,2545
Kalis,6624
Kallon,6808
Kalu,2546
Kamalu,6388
Kamara,6564
Kampman,2547
Kane,6721
Kanell,2550
Kanoff,7083
Kanuch,5635
Kapinos,2552
Kaplan,7203
Karim,2554
Karney,2555
Karras,6275
Kasa,5535
Kasay,2557
Kase,6762
Kaser,6190
Kashama,2559
Kasitati,6330
Kasper,2560
Kassell,2561
Katula,2564
Katz,7182
Katzenmoyer,2565
Kauffman,7514
Kaufman,2566
Kaufusi,6286
Kay,5904
Kazee,6576
Kearney,7448
Kearns,7670
Kearse,2567
Keasey,2568
Keathley,2569
Keating,7671
Keaton,2570
Keen,7116
Keenan,7449
Keene,7116
Keenum,2571
Keglar,2572
Kehl,2573
Keiaho,2574
Keisel,2576
Keiser,2577
Keith,2578
Keizer,2577
Keke,7284
Kelce,2579
Kelemete,2581
Keliikipi,6246
Keller,2582
Kelley,2584
Kellogg,7673
Kelly,2584
Kelsay,2585
Kelsey,6604
Keltner,2587
Kemoeatu,2588
Kemp,6722
Kempfert,2589
Kendall,2590
Kendrick,2592
Kendricks,2592
Keneley,2593
Kennard,5905
Kennedy,2594
Kenney,7360
Kennison,2597
Kenny,6064
Kent,2600
Keo,2601
Kerin,6163
Kerley,2603
Kern,2604
Kerney,2605
Kerns,7674
Kerr,5906
Kerridge,6545
Kerrigan,2608
Kershaw,2609
Kessler,6111
Kettani,2611
Keur,2612
Key,2613
Keyek,2614
Keyes,6114
Keys,2616
Keyton,5656
Kidd,2618
Kidder,6800
Kidsy,7147
Kieft,2619
Kiel,2620
Kiernan,2621
Kight,2622
Kikaha,5907
Kilgo,5908
Kilgore,2623
Kilian,2625
Killebrew,6265
Killings,2627
Kilmer,2628
Kim,7231
Kimball,7515
Kimble,7675
Kimrin,2632
Kincade,2634
Kincaid,7676
Kinchen,2635
Kinder,2636
Kindle,2637
Kindred,6295
King,2639
Kingsbury,2640
Kinne,2643
Kinnel,7323
Kinney,2644
Kinsey,7677
Kirby,2646
Kircus,2647
Kirk,6723
Kirkendoll,2649
Kirk-Hughes,2650
Kirkland,2651
Kirkpatrick,2652
Kirksey,5909
Kirkwood,7151
Kirlew,2653
Kirschke,2654
Kirtman,2655
Kiselak,2657
Kiser,2577
Kitchen,2660
Kitchens,6065
Kitchings,2662
Kitna,2663
Kittle,6796
Kittner,2664
Kiwanuka,2665
Kizer,2577
Klecko,2668
Klein,2669
Kleinsasser,2670
Klemm,2671
Kline,6271
Klopfenstein,2675
Klug,2676
Kluwe,2677
Knapp,6778
Knappe,6778
Knight,2678
Knighton,2679
Knorr,2680
Knott,5759
Knowles,7210
Knox,2682
Knutson,7678
Koch,2684
Kocher,2685
Koehler,7450
Koehn,6861
Koenen,2687
Koenig,7516
Koets,2688
Kohler,7679
Kolb,2692
Koloamatangi,7152
Kolodziej,2693
Kolton,6883
Komar,2694
Konrad,2695
Konz,2696
Koo,6825
Kooistra,2697
Koonce,2698
Kopa,2700
Kopp,2701
Koppen,2702
Koroma,7002
Kosier,2705
Kostrewa,2707
Kouandjio,5711
Koutouvides,2708
Kovacs,5774
Kowalewski,2709
Kowalkowski,2710
Kowalski,2711
Koyack,5910
Kozlowski,2709
Kpassagnon,6595
Kracalik,2713
Kraft,7517
Kramer,1084
Kranchick,2715
Kratus,2716
Kraus,7680
Krause,2717
Kreider,2720
Kreiter,6181
Krenzel,2721
Kreutz,2722
Krieger-Coble,6354
Kriewaldt,2723
Kristick,2724
Kroft,5911
Kropog,2726
Kroul,2727
Krueger,6779
Kruger,2728
Kuale,2730
Kuberski,2731
Kubiak,2732
Kubik,2733
Kuder,6403
Kuechly,2734
Kuehl,2735
Kugbila,5561
Kuhn,2738
Kukwa,7062
Kumar,7405
Kumerow,7137
Kunalic,2741
Kuntz,7061
Kuper,2742
Kupp,6566
Kupper,5783
Kurpeikis,2743
Kurtz,7406
Kush,5681
Kustok,2745
Kwiatkoski,6119
Kyle,2746
Labinjo,2747
LaBounty,2749
LaBoy,2750
LaCasse,2752
Lacey,2753
Lachey,2754
Lacina,2755
Lackey,7681
Lacosse,6138
LaCouture,7018
Lacy,2753
Ladd,7682
Ladler,5912
Ladouceur,2756
LaFell,2758
LaFleur,2759
Laguda,7121
Laird,7683
Lake,2763
Lamar,2764
Lamb,6066
Lambert,2766
Lambo,6184
Lamm,6166
Lammons,7037
LaMontagne,2767
Lamp,6560
Lampkin,6596
Lampman,6377
Lamur,5661
Lancaster,7027
Land,7451
Landers,7684
Landes,6266
Landeta,2770
Landis,7685
Landolt,2772
Landri,2773
Landrom,2774
Landrum,6067
Landry,2775
Lane,2776
Lang,2777
Langford,2780
Langham,2781
Langi,6644
Langley,2783
Langston,7452
Lanier,6425
Lankster,2785
Lanning,5677
Lanovoi,2786
Lansanah,2787
Lapuaho,5913
Largent,2790
Larkin,7518
LaRocque,2792
Larrimore,2793
Larsen,2794
Larson,2794
Lasco,6289
Lasike,6175
Lasley,6910
Lassiter,2799
Latham,6381
Latimer,2801
Latsko,2802
Lattimore,2804
Lauderdale,6068
Laughlin,7686
Lauina,7068
Lauletta,6927
Laulile,7024
Laurinaitis,2808
Laury,2809
Lauvao,2810
Lavalais,2811
Law,2814
Lawler,6292
Lawrence,2817
Lawrence-Stample,6389
Lawrie,2818
Lawry,7045
Laws,2819
Lawson,2820
Lawton,2047
Lay,2822
Layman,2824
Layne,2825
Layow,2826
Layton,7453
Lazard,6926
LE,2828
Leach,2829
Leak,2831
Leake,2831
Leamon,6649
Leary,2833
Leaverton,2834
Leavitt,7232
LeBeau,7149
Leber,2835
LeBlanc,2836
Lechler,2838
Leckey,2839
Ledbetter,6680
Ledesma,7454
Ledford,2841
Ledyard,2842
Lee,2843
Lee-Steere,2845
Leeuwenburg,2846
Lefeged,2847
LeFevour,2848
Leff,6818
LeFors,2849
Lefotu,2850
Leftwich,2851
Leggett,2854
LeGree,2855
LeGuin,7131
Legursky,2856
Lehan,2857
Lehman,2858
Lehr,2859
Leidner,6658
Leinart,2862
Leisle,2863
LeJeune,2864
Lekkerkerker,2865
Lelie,2866
Lelito,5766
Leman,2867
Lemon,2868
Lemonier,2869
Lengel,6543
Leno,5914
Lenoir,7129
Lenon,2871
Lentz,2872
Lenz,5787
Leonard,2874
Leonhard,2876
Leonhardt,5915
Lepsis,2880
LeRibeus,2881
Leroy,2882
Leshoure,2883
Leslie,6852
Lesnar,2885
Lester,2886
LeSueur,2887
Lett,2888
Levcik,2889
Levels,2890
Levens,2891
Leverette,2892
Levin,6637
Levine,2893
Levingston,2894
Levitre,2895
LeVoir,2896
Levrone,7106
Levy,2897
Lewan,5735
Lewis,2899
Lewis-Harris,5772
Lewis-Moore,5689
Leyva,2901
LG,2902
Liaina,5916
Licata,6333
Lichtensteiger,2903
Liddell,7088
Liedtke,6553
Light,2905
Lilja,2907
Lilly,7519
Lima,7687
Linares,7455
Lincoln,2910
Lindell,2911
Linder,5917
Lindholm,2913
Lindley,2914
Lindsay,2915
Lindsey,2915
Lindstrom,2917
Line,5751
Liner,7020
Link,7520
Linkenbach,2918
Linnenkohl,2919
Linsley,5918
Linthicum,2920
Linton,2921
Lippett,5919
Lissemore,2928
Listenbee,6134
Little,2930
Littleton,6424
Litton,6969
Liuget,2932
Livas,2933
Livings,2935
Livingston,6780
Lloyd,2937
Lo,7688
Loadholt,2939
Loane,2940
Lobato,5920
Locke,2941
Locker,2942
Lockett,2943
Lockette,2944
Lockhart,2945
Locklear,2946
Lockley,2947
Lockwood,7456
Lodge,7243
Lodish,2949
Loeffler,2950
Loewen,6843
Lofton,2952
Logan,2953
Loiseau,2955
LOLB,2956
Lomax,6404
Lombardo,7689
London,2960
Long,2961
Longa,6338
Longacre,6149
Longoria,7690
Longwell,2964
Lonie,2965
Looker,2966
Looman,2967
Looney,2968
Loper,2969
Lopes,7691
Lopez,2970
Lopienski,2971
Lord,7521
Lorello,2973
Lorenzen,2974
Lorenzo,7692
Lorig,2975
Losman,2977
Loston,5921
Lott,2979
Lotulelei,5577
Loud,2980
Lougheed,2981
Louis,2982
Louis-Jean,5922
Lovato,6209
Love,2984
Lovell,2985
Lovelocke,5923
Loverne,2986
Lovett,7457
Loville,2988
Lowber,2989
Lowe,2990
Lowery,2991
Lowry,2992
Loyd,2993
Lozano,7834
LT,2994
Lu,7166
Luani,6663
Lucas,2996
Lucien,6276
Lucier,2998
Luck,2999
Luckett,5924
Lucky,3000
Ludwig,7522
Lugo,7835
Luigs,3003
Luke,3004
Lumpkin,3006
Luna,7158
Lund,7407
Lunsford,6069
Lunt,6799
Lusk,3008
Lutman,5925
Lutrus,3010
Lutui,3011
Lutz,6419
Luvu,7058
Luzar,3012
Lyerla,5926
Lyght,3014
Lyle,3015
Lyles,7225
Lyman,3016
Lynch,3017
Lynn,3018
Lyon,3019
Lyons,3020
Lytle,3021
Mabin,5927
Mabry,3022
Mace,3023
Machado,3024
Machiela,5636
Mack,3025
MacKenzie,3026
Mackey,3027
Macklin,3028
Maclin,3030
Macpherson,3032
Madden,6391
Maddox,3033
Maddy,6328
Madise,3034
Madison,3035
Madrid,7408
Madrigal,7409
Madsen,3037
Madu,3038
Mady,5775
Maehl,3040
Maese,3041
Magee,3044
Mager,5928
Maggitt,6070
Magnuson,6832
Maguire,7693
Mahaffey,3047
Mahan,3048
Mahdavi,3049
Mahe,3050
Mahelona,3051
Maher,7141
Mahomes,6585
Mahon,7043
Mahone,6071
Mahoney,6781
Maiava,3054
Mailata,6981
Major,7458
Makovicka,3057
Malast,3058
Maldonado,7160
Malecki,3059
Mallard,3060
Malleck,6390
Mallett,3062
Mallory,7694
Malloy,7695
Malone,3065
Maloney,7190
Malveaux,6870
Mama,6603
Mamula,3067
Mancuso,6724
Mancz,6167
Manderino,3068
Maneri,3069
Mangen,7094
Mangold,3072
Mangum,3074
Manhertz,6526
Mankins,3075
Manley,3076
Mann,3077
Mannelly,3078
Manning,3079
Manningham,3080
Mannion,5929
Mansfield,7696
Manuel,3082
Manumaleuna,3083
Manupuna,3084
Manusky,3085
Manuwai,3086
Manziel,5712
Manzo-Lewis,7031
Mapa,5637
Maponga,5574
Maragos,3089
Maramarosa,5638
March,6422
March-Lillard,6989
Marciano,3093
Marcordes,6337
Marcum,7697
Marcus,7698
Mare,3096
Marecic,3097
Mariani,3099
Marino,3100
Marion,3101
Mariota,5930
Markham,3105
Marks,3106
Marler,3108
Marlowe,6267
Maroney,3109
Marpet,5931
Marquez,6213
Marrero,7459
Marriott,3112
Marrow,3113
Marsh,3115
Marshall,3116
Marten,3119
Martin,3121
Martinek,3122
Martinez,3123
Martini,7059
Martino,5932
Marts,3124
Marvin,7048
Marx,7032
Maryland,3126
Marz,6851
Masifilo,5667
Maslowski,3129
Mason,3130
Massaquoi,3133
Massey,3135
Massie,3136
Mast,7699
Masters,7523
Masthay,3137
Mastrud,3138
Mataâ€™afa,6908
Mata'afa,7124
Matakevich,6298
Mathews,3142
Mathieu,5601
Mathis,3143
Matias,5933
Matos,7460
Matthews,3145
Mattison,3147
Mattson,7700
Matungulu,6348
Maualuga,3152
Mauck,3153
Mauga,3154
Mauger,6819
Mauia,3155
Mauldin,5934
Maulet,6806
Maurer,7461
Mauro,5935
Mauti,5589
Mawae,3157
Maxey,3158
Maxwell,3161
May,6725
Mayberry,3163
Maybin,3164
Maye,6322
Mayer,3167
Mayes,3168
Mayfield,6890
Mayle,3169
Maynard,3170
Mayo,3172
Mayowa,5768
Mays,3173
Maysonet,5512
Maze,3174
Mbu,6132
McAddley,3177
McAdoo,3178
McAfee,3179
McAlister,3180
McAllister,3180
McBath,3181
McBean,3182
McBriar,3183
McBride,3184
McBurrows,3185
McCabe,7192
McCadam,3187
McCaffery,3189
McCaffrey,3189
McCain,3190
McCalebb,5513
McCalister,6196
McCall,6726
McCann,3194
McCants,3195
McCardell,3196
McCareins,3197
McCargo,3198
McCarron,5713
McCarthy,3200
McCarty,6782
McCaskill,6801
McCauley,3202
McChesney,3204
McClain,3205
McClam,6072
McClellan,3209
McClellin,3210
McClendon,3211
McCleon,3212
McCleskey,3213
McCloud,3214
McClover,3215
McClung,3216
McClure,3217
McCluster,3218
Mccoil,6420
McCollum,3219
McConnell,6783
McCoo,3221
McCord,3222
McCormack,7701
McCormick,6727
McCourty,3226
McCown,3227
McCoy,3228
McCracken,7702
McCrane,7047
McCrary,3229
McCray,3230
McCree,3231
McCullers,5714
McCullough,3235
McCullum,3236
McCune,3238
McCutcheon,3241
McDaniel,3242
McDaniels,3243
McDermott,5734
McDonald,3244
McDonnell,3245
McDonough,7524
McDougal,3246
McDougald,5755
McDougle,3247
McDowell,6561
McDuffie,3249
McElmurry,3252
McElrath,3253
McElroy,3254
McEvoy,6415
McFadden,3256
McFarland,3257
McFoy,3258
McGahee,3260
McGarigle,3261
McGarity,3262
McGarrahan,3263
McGary,7247
McGee,3266
McGhee,6073
McGill,3268
McGinest,3269
McGinnis,7369
McGlinchey,6889
McGlinn,7132
McGlockton,3270
McGloin,5746
McGloster,7070
McGlynn,3271
McGough,6979
McGovern,6312
McGowan,3273
McGrath,3274
McGraw,3275
McGregor,7703
McGriff,3276
McGuinness,7369
McGuire,6676
McHugh,3278
McIlwain,3279
McIntosh,3280
McIntyre,3281
McIver,3282
McKay,6074
McKee,3283
McKelvin,3284
McKenna,7365
McKenzie,3285
McKever,7100
McKie,3286
McKillop,3287
McKinley,3288
McKinney,3289
McKinnie,3290
McKinnon,3291
McKinzy,6371
McKissic,6376
McKnight,3292
McLain,7704
McLaughlin,3295
McLaurin,7274
McLean,6784
McLendon,3298
McLennan,6392
McLeod,3299
McMahan,3300
McMahon,3301
McManis,3302
McManus,3303
McMichael,3304
McMillan,3305
McMillian,3305
McMillon,3306
McMullen,3307
McNabb,3308
McNair,3309
McNally,7705
McNamara,7377
McNary,5780
McNeal,3311
McNeil,3312
McNeill,3312
McNichols,6620
McNitt,7033
McNown,3314
McNutt,3316
McPhearson,3318
McPhee,3319
McPherson,3320
McQuaide,3321
McQuarters,3322
McQuay,6685
McQueen,7462
McQuistan,3324
Mcrae,3230
McRath,3326
McRoberts,6319
McSorley,7235
McSurdy,3328
McTyer,3330
McWilliams,3332
Meachem,3333
Mead,7800
Meade,7800
Meadows,3335
Mealey,3336
Meander,7012
Means,3337
Meatoga,3338
Mebane,3339
Mecklenburg,3340
Medeiros,7706
Meder,6109
Medina,6728
Medlin,3341
Medlock,3342
Meeks,5614
Meers,3343
Meester,3344
Meggett,3345
Megna,3346
Mehlhaff,3348
Meier,3349
Melendez,7836
melifonwu,6567
Mellette,5522
Melton,3354
Melvin,5754
Mendenhall,3355
Mendez,6729
Mendoza,3356
Menkin,3357
Menzie,3358
Merandi,3359
Mercer,7169
Mercilus,3362
Meredith,3363
Meriweather,3366
Merling,3367
Merriam,3368
Merrill,7175
Merriman,3371
Merritt,3372
Meryl,7175
Merz,3374
Mesko,3375
Messer,7463
Messina,5686
Metcalf,3376
Metropulos,3378
Mettenberger,5715
Metz,7464
Metzger,7465
Mewhort,5716
Meyer,6075
Meyers,6793
Michael,5516
Michaels,7707
Michel,6892
Michelle,6892
Mickell,3384
Mickens,3385
Middlebrooks,3387
Middleton,3388
Mihalik,6223
Mihlhauser,3390
Mikell,3392
Milano,6645
Milanovich,3393
Milburn,3394
Miles,3395
Milhouse,6400
Mili,3397
Millard,5936
Miller,3398
Milligan,6866
Milliner,3399
Milloy,3402
Mills,3403
Milne,3405
Milner,3406
Milstead,3408
Milton,6076
Mims,3410
Mincey,3411
Mincy,3412
Miner,3420
Mines,3413
Mingo,5572
Minner,3420
Minnich,3417
Minnifield,3418
Minnis,3419
Minor,3420
Minshew,7242
Minter,3421
Miranda,3424
Miree,3425
Mirer,3426
Misi,3427
Missouri,3428
Mitchel,3430
Mitchell,3430
Mitrione,3431
Mix,3432
Mixon,3433
Mizzell,6810
MLB,3436
Moala,3437
Moats,3438
Mobley,3439
Moch,3440
Mock,7708
Moe,5937
Moeaki,3441
Moffitt,3442
Mohamed,3443
Mohr,3444
Mokofisi,7028
Molden,3446
Molinaro,3449
Molk,3450
Moll,3451
Momah,5938
Monahan,7709
Moncrief,5717
Monday,6345
Mondek,3454
Monds,3456
Money,3457
Monk,3458
Monroe,3459
Montana,3461
Montanez,7710
Montano,7410
Montelus,7077
Montero,7711
Montez,7837
Montgomery,3462
Monty,3464
Moody,3465
Moon,3466
Mooney,5769
Moore,3468
Moorehead,3469
Moorman,3471
Morales,3472
Moran,3473
Morant,3474
Moreau,6622
Moreland,3475
Morency,3476
Moreno,3477
Morey,3478
Morgan,3479
Morin,7202
Morley,3480
Mormino,3481
Moronkola,3482
Morrah,3483
Morris,3484
Morrison,3485
Morrow,3486
Morse,3487
Morstead,3488
Morton,3489
Moseley,7008
Mosely,6077
Moser,7191
Moses,3493
Mosher,7712
Mosley,3494
Moss,3495
Mostert,6110
Moten,3496
Motes,6078
Moton,6586
Mott,7713
Motta,5616
Motuapuaka,7057
Moulds,3500
Moulton,3501
Mount,6227
Mouton,3504
Moya,7714
Moye,5750
Moyer,6785
Mruczkowski,3506
Muamba,5939
Muckelroy,3509
Mueller,6730
Mughelli,3511
Muhammad,3512
Muhlbach,3513
Muir,3514
Muldrow,3515
Mulitalo,3516
Mullen,6786
Mullens,7134
Muller,6730
Mulligan,3517
Mullins,6079
Mulumba,5764
Mumphery,5940
Mundt,6862
Mundy,3523
Mungro,3524
Munnerlyn,3525
Munoz,6411
Munson,6833
Munyer,6120
Murdock,3528
Murphey,6080
Murphy,3530
Murray,3531
Murrell,3532
Murtha,3533
Mustard,3539
Mutcherson,7038
Myers,3540
Myles,3541
Myrick,6081
Myslinski,3542
Naanee,3543
Nacua,6846
Nading,3544
Naeole,3545
Nagy,3547
Nails,3548
Najvar,5941
Nakamura,3549
Nalbone,3550
Nalen,3551
Nall,3552
Nance,3554
Nande,3555
Napier,7715
Narcisse,6082
Nash,3557
Nassib,5500
Natkin,3558
Natson,6821
Nattiel,3559
Nauta,7297
Navarre,3560
Nawrath,6731
Naylor,7716
Ndukwe,3562
Neal,3563
Nealy,6083
Neary,6841
Neasman,6324
Neblett,3564
Nece,3565
Nedney,3566
Needham,7052
Neely,7411
Neff,7525
Neighbors,5942
Neil,3567
Neild,3568
Neill,3569
Nelms,3570
Nelson,3571
Nembot,6379
Nerys,3573
Nesbit,3574
Nesbitt,3575
Ness,3576
Netter,5651
Neufeld,3577
Neujahr,3578
Nevis,3583
Newberry,3584
Newcombe,3585
Newell,3587
Newhouse,3588
Newkirk,3589
Newman,3590
Newsome,3591
Newson,3592
Newton,3593
Ngakoue,6259
Ngata,3595
Nguyen,3596
Nicholas,3599
Nichols,6732
Nicholson,3600
Nickerson,3602
Nickey,3603
Nicks,3604
Nicolas,6198
Nielsen,3606
Nielson,3606
Niemann,7054
Nienhuis,3608
Nieto,7349
Nijman,7339
Niklas,5718
Niklos,3610
Nimmo,3612
Ninkovich,3613
Nissley,3615
Niswanger,3616
Nitschke,3617
Nix,3618
Nixon,3619
Njoku,6557
Nkang,3620
Nkansah,7120
Nkemdiche,6178
Nkwenti,3621
Nnabuife,3622
Nnadi,6894
Noble,3623
Noel,3625
Noil,6615
Nolan,3626
Nordin,3629
Norman,3630
Norris,3632
North,6347
Northcutt,3633
Northern,3635
Northrup,3636
Nortman,3637
Norton,3638
Norwell,5943
Norwood,3640
Noteboom,6903
Novak,3642
Nowak,5786
Nsekhe,3644
Nua,3645
Nugent,3646
Null,3647
Nunez,7161
Nunez-Roches,6186
Nunley,6084
Nunn,7214
Nutten,3651
Nwachukwu,5944
Nwagbuo,3652
Nwaneri,3653
Nwokeji,7073
Nwokorie,3654
Nwosu,6898
Nzegwu,3655
Nzeocha,6192
Oâ€™Malley,6538
Oakes,7717
Oakley,3656
Oakman,6317
Obada,7142
Obasuyi,7023
Oben,3657
Obi,3659
Obiozor,3660
Obomanu,3661
Obregon,5639
O'Brien,3662
O'Callaghan,3663
Ochi,6316
Ochoa,7838
O'Connell,3665
O'Connor,7219
Octavien,3667
October,3668
O'Daniel,6988
O'Dell,7184
Odenigbo,6664
Odhiambo,6294
Odighizuwa,5945
Odom,3670
O'Donnell,3671
O'Dowd,3672
Odrick,3673
Odum,7089
O'Dwyer,3675
Ofenheusle,3676
Office,3677
Officer,7065
Offord,3678
Ofodile,3679
Ogbah,6154
Ogbogu,3680
Ogbonna,5640
Ogbonnaya,3681
Ogbu,3682
Ogbuehi,5946
Ogden,3684
Ogle,3686
Oglesby,3687
Ogletree,3688
Ogunbowale,6652
Ogunjobi,6572
Ogunleye,3690
Oh,7718
Ohalete,3691
O'Hara,3692
Oher,3693
Ohrnberger,3694
Ojeda,7526
Ojinnaka,3695
Ojomo,3696
Okafor,3699
Okam,3697
Okanlawon,3698
Okeafor,3699
OKeefe,7719
Okereke,7272
Okine,6121
Okorafor,6884
Okoro,5947
Okoronkwo,6885
Okoye,3700
Okpokowuruk,3701
Okung,3702
Okuyemi,5641
Okwara,6343
Okwo,3703
Ola,5948
Olatoye,6122
Olawale,5663
Oldenburg,3706
Oldham,3707
O'Leary,3708
Oliva,7466
Olivea,3713
Oliveira,7720
Oliver,3715
Ollison,7340
Olsen,3717
Olshansky,3718
Olson,3719
Olumba,7010
Oluokun,6978
Olvera,7412
OMalley,7721
O'Malley,6990
Omameh,5773
Omenihu,7264
Omiyale,3720
Omon,3721
Onatolu,3723
O'Neal,3724
O'Neil,3725
O'Neill,3726
Onobun,3728
Onwualu,6845
Onwuasor,6540
Onyemata,6290
Oordt,3730
Opara,7115
Opeta,7341
Oplinger,7053
Opurum,5949
Orakpo,3731
Orchard,5950
Ordonez,7722
Orlosky,6605
Orlovsky,3736
Orndoff,6616
Ornstein,3737
ORourke,7723
Orr,3739
Ortega,3740
Ortiz,6690
Orton,3741
Oruwariye,7278
Osborne,3742
Osemele,3744
Osgood,3745
O'Shaughnessy,5951
Oshinowo,3746
Osika,3748
Ossai,7055
Ostergaard,3750
Ostman,6947
Ostrowski,3751
O'Sullivan,3752
Osweiler,3753
Otah,3754
Otero,7467
Otis,3755
O'Toole,6374
Ott,6548
Otten,5539
Ottis,3755
Otto,3756
Overbaugh,6823
Overbay,3758
Overhauser,3759
Overstreet,3760
Overton,3761
Owen,6733
Owens,3762
Owusu,3763
Owusu-Ansah,3764
Ozigbo,7295
Ozougwu,3767
P,3768
Pace,3769
Pack,7724
Padgett,7350
Padrino,6734
Paea,3770
Pagan,5952
Page,3772
Pagel,3773
Paige,3774
Paige-Moss,3775
Painter,3776
Pakulak,3778
Palacio,6873
Palardy,6417
Palelei,3780
Palepoi,3781
Palko,3782
Palma,7468
Palmer,3783
Pamphile,5953
Pankey,6659
Panos,3785
Pantale,5781
Pape,3788
Paradis,5954
Paredes,7413
Parham,6085
Paris,7725
Park,6735
Parker,3790
Parkey,5955
Parks,3791
Parmalee,3792
Parmele,3793
Parmer,3794
Parnell,3795
Parquet,3798
Parr,7726
Parrella,3800
Parris,6970
Parrish,3802
Parry,3803
Parson,3804
Parsons,3805
Pascal,6850
Paschal,3808
Pascoe,3809
Pashos,3810
Pasztor,5669
Patchett,3812
Patel,6691
Pathon,3813
Patino,7469
Patmon,3814
Patrick,3815
Patten,3817
Patterson,3818
Patton,3820
Paul,3821
Paulescu,3822
Paulk,3823
Paulsen,3824
Paulson,3825
Paup,3826
Pawelek,3827
Paxson,3828
Paxton,3829
Paymah,3830
Payne,3831
Paysinger,3832
Payton,3833
Peacock,7527
Pead,3835
Peake,6261
Pearcy,3840
Pearman,3842
Pears,3843
Pearson,3844
Peat,5956
Peck,3845
Pederson,3846
Peek,3847
Peelle,3848
Peerman,3850
Peete,3851
Pegues,3852
Peko,3854
Pelfrey,3855
Pellerin,3856
Pelon,6836
Pelshak,3859
Pemberton,3860
Pena,7164
Pendleton,3862
Penn,3863
Pennel,5957
Pennington,3864
Penny,6828
Penton,6813
Peoples,7727
Pepper,6855
Peppers,3866
Peprah,3867
Peralta,7839
Perdue,7728
Perez,5642
Perillo,5958
Perine,6582
Perkins,3869
Perrilloux,3870
Perriman,5959
Perrizo,7014
Perry,3871
Perryman,5960
Person,3872
Pestock,3873
Peter,3874
Peterman,3875
Peters,3876
Peterson,3877
Petitgout,3878
Petrowski,3880
Petrus,3881
Petteway,6351
Pettigrew,3883
Pettis,3885
Pettit,7729
Pettrey,3886
Pettway,3887
Petty,3888
Phelps,6086
Phenix,3891
Phifer,3892
Philip,3893
Phillip,6087
Phillips,3895
Philon,5961
Philyaw,3896
Phinisee,3897
Phipps,7528
Pianalto,3898
Pickens,3900
Pickett,3901
Pidgeon,3902
Pierce,3903
Pierre,6183
Pierre-Louis,5962
Pierre-Paul,3907
Pierschbacher,7252
Pierson,3909
Pierson-El,7112
Pike,3911
Pilares,3912
Pile,3913
Pilgrim,3914
Pimentel,3915
Pina,7414
Pineda,6736
Pineiro,6971
Pinion,5963
Pinkard,6863
Pinkins,6291
Pinkney,3918
Pinkston,3919
Pinner,3920
Pinnock,3921
Pino,3922
Pinto,7529
Piper,7530
Pipkin,6665
Pipkins,6854
Pippens,3924
Piscitelli,3925
Pitcock,3926
Pitoitua,3927
Pitta,3929
Pittman,3930
Pitts,3931
Placeholder,3932
Plackemeier,3933
Platt,7730
Player,3936
Pleasant,3937
Plummer,3938
Pochman,3939
Pociask,3940
Pocic,6590
Podlesh,3941
Poe,3942
Poehls,6835
Poindexter,3945
Pointer,3946
Polamalu,3947
Polanco,7470
Poli-Dixon,3948
Poling,6980
Polite,3949
Polk,3950
Pollack,3951
Pollak,3952
Pollard,3953
Polley,3954
Pollock,7531
Polumbus,3955
Ponder,3958
Pontbriand,3960
Pool,3962
Poole,3963
Pope,3964
Popek,5685
Poppinga,3965
Porcher,3966
Porter,3968
Portilla,3969
Portis,3970
Porton,6737
Posey,3972
Posluszny,3973
Post,7532
Poteat,3975
Potter,3978
Potts,6787
Pouha,3980
Poujade,3981
Pouncey,3982
Pounds,3984
Pourdanesh,3985
Poutasi,5964
Powe,3986
Powell,3987
Powers,3989
Powlus,3990
Poyer,5596
Prado,7533
Prall,3991
Prater,3992
Prather,3993
Pratt,6245
Prefontaine,3995
Prentice,3997
Prescod,7255
Prescott,6123
President,6867
Presley,3998
Pressley,3999
Preston,4000
Prewitt,6088
Price,4002
Priester,6089
Prince,6738
Pringle,6944
Pringley,4005
Printers,4006
Prioleau,4007
Pritchard,4008
Pritchett,4009
Procell,4010
Procter,4011
Proctor,4011
Proehl,4012
Prosch,5965
Prosinski,4015
Prosise,6153
Provost,4016
Pruce,4017
Prude,4018
Pruitt,4020
Pryce,4022
Pryor,4023
Puamau,5643
Puckett,7362
Pugh,4025
Pughsley,6189
Pujals,7085
Pulido,7731
Pullard,6200
Pulley,6368
Pumphrey,6602
Purcell,4027
Purdum,4029
Purdy,7732
Purifoy,5966
Purnell,4030
Purvis,4031
Putnam,7733
Putu,7007
Putzier,4032
Pyatt,4033
Pyke,6635
Pyle,7734
Pyne,4034
QB,4035
Quaccia,4036
Qualls,6577
Quarles,4038
Quarless,4038
Quarshie,4040
Queen,7735
Queiro,7090
Quessenberry,5544
Quick,4042
Quigley,6229
Quin,4045
Quinn,4045
Quintero,7840
Qvale,6140
Rabach,4046
Rabb,4048
Rabe,4049
Rachal,4050
Rackers,4051
Rackley,4052
Rader,4054
Radovich,4056
Radway,4057
Rafferty,4058
Ragland,4059
Ragnow,6886
Rahman,7736
Rainer,4061
Raines,6672
Rainey,4062
Raiola,4064
Raji,4065
Rambo,4067
Ramczyk,6558
Ramesh,7030
Ramey,7534
Ramirez,4069
Ramos,6692
Ramsay,4071
Ramsey,4071
Ramsour,6739
Randall,4074
Randle,4076
Randolph,6788
Rankin,4079
Rankins,6288
Ransom,4080
Rapp,7319
Rasby,4083
Rasheed,4084
Rasmussen,4085
Rathman,4086
Ratley,6977
Ratliff,4087
Ratliff-Williams,7294
Rattay,4089
Rau,5665
Ravitz,4091
Rawlings,7342
Rawls,5967
Ray,4092
Rayburn,4093
Rayford,5756
Raymer,4094
Raymond,4095
Rayner,4096
RE,4098
Read,7737
Reader,6311
Reagan,7738
Reagor,4102
Reaser,5968
Reaves,6314
Reavis,4145
Rector,4105
Redd,4106
Reddick,4107
Redding,4108
Redfern,6416
Redfield,6627
Redman,4109
Redmon,4110
Redmond,4111
Redwine,7282
Redziniak,4112
Reece,4113
Reed,4114
Reeder,7739
Reedy,6090
Reese,4117
Reeshad,6530
Reeves,4119
Reeves-Maybin,6669
Regan,7535
Regis,4121
Rehberg,4124
Reid,4125
Reiff,4126
Reilly,4127
Reinhart,4129
Reis,4130
Reisner,4131
Reiter,6214
Reitz,4132
Remmers,5680
Rendon,7471
Renes,4135
Renew,6805
Renfree,5503
Renfro,6868
Renfrow,7245
Renkart,4137
Renner,5969
Renteria,7357
Replogle,6628
Retkofsky,4140
Reuber,4141
Reuland,4142
Revis,4145
Rey,4146
Reyes,4147
Reyna,6091
Reynaud,4149
Reynolds,4150
Reynoso,7537
RG,4151
Rhaney,6278
Rheem,4152
Rhett,4153
Rhinehart,4154
Rhoades,7740
Rhodes,4155
Ricard,4156
Rice,4157
Rich,4158
Richard,4159
Richards,4160
Richardson,4161
Richart,4162
Richburg,5719
Richey,4164
Richie,4165
Richmond,4166
Richter,7198
Ricks,4168
Rico,7383
Riddick,4171
Riddle,4172
Rideau,4173
Rider,7741
Ridgeway,4174
Ridley,4175
Riemersma,4176
Riggs,6159
Riles,6092
Riley,4179
Rimpf,4180
Rincon,7742
Rinehart,4181
Ring,7743
Ringer,4182
Ringo,6208
Rios,6869
Ripkowski,5970
Risner,7246
Rison,4185
Ritchie,4186
Ritter,7172
Ritzmann,4188
Rivera,4189
Rivers,4191
Rizzo,7744
Roach,4192
Roaf,4193
Roan,4194
Robbins,4197
Roberg,4198
Roberson,4199
Roberts,4200
Robertson,4201
Robertson-Harris,6344
Robey,6130
Robey-Coleman,6996
Robinson,4204
Robinson-Woodgett,7036
Robiskie,4205
Robison,4206
Robledo,7745
Robles,7841
Roby,4209
Rocca,4210
Roche,7746
Rochell,6606
Rock,6093
Rodd,4212
Rodenhauser,4213
Rodgers,4214
Rodgers-Cromartie,4215
Rodriguez,4216
Roe,4259
Roehl,4217
Roemer,7343
Roethlisberger,4218
Rogers,4219
Roh,7095
Rojas,7229
Roland,4221
Rolland-Jones,6948
Rolle,4224
Rollins,5971
Roman,4225
Romano,7207
Romanowski,4227
Romberg,4228
Rome,6380
Romero,4232
Romeus,4233
Romo,4234
Rone,4236
Rooks,5972
Rooney,7747
Roos,4237
Roosevelt,4238
Root,7472
Roper,4239
Roque,4240
Rosa,7843
Rosado,7368
Rosales,7842
Rosario,4241
Rosas,7223
Rose,4242
Rosemond,6094
Rosen,6887
Rosenberg,7380
Rosenfels,4244
Rosenthal,7748
Ross,4245
Rossi,7382
Rossouw,6740
Rossum,4247
Roth,4249
Rotimi,7001
Rouen,4253
Roullier,6640
Roundtree,4254
Rountree,4254
Rouse,4255
Rousseau,6740
Roussel,4256
Route,4257
Routt,4258
Rowe,4259
Rowell,7749
Rowland,6095
Rowley,7750
Roy,4261
Royal,4262
Royals,4263
Roye,4264
Royster,4265
RT,4267
Rubin,4268
Rubio,4269
Rucci,4270
Rucker,4271
Rudd,4272
Ruddy,4273
Rudock,6144
Rudolph,4274
Ruegamer,4275
Ruff,4277
Ruffin,4278
Ruggs,6688
Ruhman,4280
Ruiz,6686
Rumph,4282
Running,4283
Runyan,4284
Rush,6535
Rushing,4286
Russ,4287
Russell,4288
Russo,6741
Rutherford,4289
Rutland,4290
Rutledge,4291
Ruud,4292
Ryan,4293
Ryans,4294
Rypien,7233
Saavedra,7751
Sabri,4296
Saddler-McQueen,4298
Sadler,7538
Saffold,4301
Sahara,7227
Saine,4303
Salaam,4306
Salako,7146
Salas,4307
Salave'a,4308
Salazar,6742
Salcedo,7752
Saleh,4309
Salgato,7844
Salley,4311
Salvo,7213
Sam,4312
Sambrailo,5973
Samia,7263
Sample,5974
Sampson,4313
Sampy,4314
Sams,4315
Samuda,4316
Samuel,4317
Samuels,4318
Sanborn,4319
Sanchez,4320
Sander,4322
Sanders,4323
Sanderson,4324
Sandidge,4325
Sandland,6268
Sandoval,7163
Sands,4327
Sandy,4328
Sanford,4329
Sankey,5729
Santana,7155
Santi,4332
Santiago,4333
Santos,5975
Santoso,7079
Santucci,4335
Sanu,4336
Sanzenbacher,4337
Sape,4338
Sapp,4341
Sargent,7359
Sartin,4346
Sash,4347
Sasser,5976
Satele,4348
Saturday,4349
Saubert,6618
Sauer,4350
Sauerbrun,4351
Saulsberry,4352
Saunders,4353
Sauter,4354
Savage,4355
Savoie,5682
Sawyer,4357
Saxton,5977
Sayers,4359
Sayles,6814
Saylor,7753
Scaccia,4360
Scafe,4361
Scaife,4362
Scales,6176
Scandrick,4364
Scantlebury,4365
Scarbrough,6937
Scarlett,6418
Schable,4370
Schackleford,4371
Schaefer,4373
Schaefering,4372
Schaffer,4373
Scharff,4374
Scharping,7248
Schau,4375
Schaub,4376
Scheffler,4377
Scherff,5978
Scheuerman,6243
Schifino,4382
Schilens,4383
Schiller,5660
Schilling,4384
Schillinger,4385
Schlauderaff,4386
Schlegel,4387
Schlereth,4388
Schlesinger,4389
Schleuger,7046
Schlottmann,7039
Schlueter,4390
Schmidt,4393
Schmitt,4393
Schmitz,7415
Schneck,4394
Schneider,6743
Schobel,4397
Schobert,6155
Schofield,4399
Schommer,4401
School,7803
Schooley,6370
Schouman,4402
Schrader,7754
Schraeder,5760
Schreck,7221
Schreiber,7755
Schroeder,4405
Schuening,4406
Schulters,4408
Schultz,6744
Schulz,4409
Schum,6112
Schumacher,7416
Schuster,7756
Schwab,7757
Schwartz,4412
Schweigert,4413
Schweitzer,6241
Schwenke,4414
Scifres,4416
Scioli,4417
Sciullo,4418
Scobee,4419
Scott,4420
Scroggins,4421
Scruggs,4422
Scukanec,4423
Seals,7758
Seals-Jones,6613
Seamster,5979
Searcy,4425
Sears,4426
Seastrunk,5720
Seaton,7215
Seau,4428
Seaverns,4430
Seawright,4432
Seder,4435
Seferian-Jenkins,5721
Sehorn,4437
Seibert,7289
Seidman,4439
Seigler,4441
Seisay,5980
Self,7539
Sellers,4443
Selvie,4446
Semple,4447
Senat,6911
Sendejo,4449
Sendlein,4450
Senior,6629
Senn,4452
Sensabaugh,4453
Sentef,5675
Sepulveda,4454
Sermons,5981
Serna,7417
Serwanga,4457
Session,4458
Setterstrom,4460
Settle,6891
Seubert,4462
Seumalo,6231
Severin,6320
Seward,4464
Sewell,4465
Sexton,6789
Seymour,4467
Shabazz,4469
Shade,4471
Shaffer,4472
Shaheen,6573
Shakir,6860
Shanle,4473
Shannon,6745
Shapiro,7418
Sharga,7118
Sharon,4475
Sharp,4476
Sharpe,4477
Sharper,4478
Sharpton,4479
Shatley,5982
Shaughnessy,4480
Shaver,7759
Shaw,4482
Shazier,5743
Shazor,4484
Shea,4485
Shead,4486
Sheard,4487
Shearer,7760
Sheehan,7370
Sheehy,7017
Sheets,4492
Sheffield,4493
Shehee,4494
Shelby,4495
Sheldon,4496
Shell,6262
Shelley,7806
Shelly,7806
Shelton,4500
Shembo,5983
Shepard,4502
Shepherd,4503
Shepley,7041
Sheppard,4503
Sherels,4504
Sherfield,7103
Sheridan,7540
Sherman,4505
Sherrell,4506
Sherrod,4507
Sherry,4508
Sherwood,7541
Shiancoe,4510
Shields,4511
Shimonek,6972
Shin,7542
Shipley,4514
Shipman,7761
Shipp,4516
Shirley,4517
Shittu,6399
Shivers,4518
Shoate,4519
Shockey,4520
Shockley,4521
Shoemaker,7186
Shor,4523
Short,4524
Shorts,4527
Shotwell,4528
Showers,6194
Shropshire,4531
Shugarts,5693
Shuler,4533
Shurmur,7273
Siavii,4537
Sickels,6608
Sicko,4539
Sidbury,4540
Sidney,4541
Sieg,7063
Siegel,7543
Sieler,6982
Siemian,6177
Sierra,7165
Sifrin,5984
Sigler,6382
Silatolu,4544
Silberman,6197
Siler,4546
Siliga,4547
Sills,7244
Silva,4548
Silver,7544
Silvers,4550
Silvestro,4551
Simmons,4554
Simms,4555
Simon,4556
Simoneau,4557
Simons,7348
Simonson,5985
Simonton,4558
Simpkins,4559
Simpson,4560
Sims,4555
Sims-Walker,4561
Sinclair,4563
Singer,7347
Singh,7159
Singletary,4565
Singleton,6746
Sintim,4567
Sippio,4568
Siragusa,4569
Sirles,6164
Sirmon,4570
Sitton,4572
Sizemore,7473
Skaggs,4574
Skelton,4575
Skinner,5986
Skipper,6625
Skool,4578
Skov,6133
Skrine,4580
Skule,7803
Skura,6384
Skuta,4581
Slade,4582
Slate,4584
Slater,4585
Slaton,4586
Slaughter,4587
Slauson,4588
Slay,5595
Slechta,4590
Sloan,4591
Sloter,6849
Slowey,4592
Small,4593
Smallwood,5987
Smart,4595
Smeenge,4596
Smelley,4597
Smelter,5988
Smiley,4599
Smith,4600
Smith-Schuster,6569
Smithson,4604
Smoker,4606
Smolko,4607
Smoot,4608
Smythe,6936
Snead,4610
Snee,4612
Sneed,7762
Snell,4614
Snelling,4615
Snider,4616
Snow,4619
Snyder,4620
Sobieski,4621
Sokoli,6220
Solano,4623
Solder,4624
Soliai,4626
Soliday,4627
Solomon,4628
Sommers,6407
Song,7353
So'oto,4631
Sopoaga,4632
Sorensen,4633
Sorenson,4633
Sorgi,4634
Soriano,4635
Sosa,7845
Soto,6747
Sousa,7763
Southerland,4638
Southward,5747
Souza,7545
Soward,4639
Sowell,4640
Sowells,4641
Spach,4642
Spadola,5744
Spaeth,4643
Spaight,5989
Spain,6096
Spangler,7764
Spann,4645
Spanos,4646
Sparks,4647
Spaulding,7765
Speaks,6901
Spear,5990
Spearman,4649
Spears,4650
Speed,7810
Speegle,4651
Spellman,4652
Spence,4653
Spencer,4654
Sperry,4655
Spicer,4657
Spidell,4658
Spievey,4659
Spikes,4660
Spillane,7816
Spiller,4661
Spillman,4662
Spires,4663
Spitler,4665
Spitz,4666
Spivey,7474
Spoon,4669
Spragan,4670
Sprague,7546
Spriggs,4673
Springer,7183
Springs,4674
Sprinkle,6599
Sproles,4676
Spruce,6321
Spruill,5991
Spurlock,4678
Square,5758
SS,4680
St.,6928
St.Pierre,4686
Staat,4687
Stablein,4688
Stachelski,4689
Stackhouse,4690
Stacy,5510
Stafford,4692
Stahl,7547
Stai,4694
Staley,4695
Stallings,4696
Stallworth,4697
Stamer,4698
Stanback,4699
Standeford,4701
Stanford,4702
Stanley,4703
Stanton,4705
Stanzi,4706
Staples,6160
Stapleton,4707
Stark,6097
Starkey,4709
Starks,4710
Starling,4711
Starr,6236
Staten,5992
Stauffer,7766
Stave,6365
Staymates,4716
Stead,6098
Stecker,4718
Steed,4720
Steele,4721
Steen,5993
Steeples,5688
Stein,6748
Steinbach,4724
Steiner,7548
Steinkuhler,4725
Steinmetz,7091
Steitz,4726
Steltz,4727
Stemke,4728
Stenstrom,4730
Stepanovich,4731
Stephen,5994
Stephens,4732
Stephens-Howling,4733
Stephenson,4734
Stepnoski,4735
Stepp,6678
Sterling,6201
Stern,7354
Sternberger,7298
Sterns,6626
Sterup,6554
Stevens,4732
Stevenson,4737
Steward,6099
Stewart,4739
Stick,7236
Stidham,7257
Stiles,7475
Still,4741
Stills,4742
Stimson,4744
Stinchcomb,4745
Stingily,4746
Stinnie,7119
Stinson,5995
Stith,4748
Stitser,4749
StJohn,7767
Stocker,4750
Stocz,4752
Stoerner,4753
Stokes,4755
Stokley,4756
Stone,4757
Stoneburner,6221
Storer,4759
Stork,5996
Story,7768
Storz,4762
Stout,6749
Stoutmire,4764
Stovall,4765
Stover,4766
Stoyanovich,4768
Strahan,4769
Strait,4770
Stratton,4771
Streater,4773
Street,5997
Streeter,4774
Streets,4775
Stribling,6632
Strickland,4777
Strief,4778
Striker,6318
Stringer,4779
Stringfellow,6623
Strojny,4782
Stroman,6896
Strong,4783
Stroud,4785
Stroughter,4786
Stryzinski,4787
Strzelczyk,4787
Stuart,4739
Stubblefield,4789
Stubbs,7476
Stuber,4790
Stuckey,4791
Studdard,4792
Studebaker,4793
Stump,6809
Stumph,6100
Stupar,4797
Sturdivant,4798
Sturgeon,4799
Sturgis,5618
Sturm,7084
Stutz,4800
Stuvaints,4801
Styles,4803
Su'a-Filo,5722
Suarez,7157
Succop,4805
Sudfeld,5653
Suggs,4806
Suh,4807
Suisham,4808
Sulak,4809
Sulfsted,4810
Sulleyman,6341
Sullivan,4811
Summers,4813
Sumner,7769
Sun,7419
Sundberg,4814
Sunseri,5998
Supernaw,4815
Superstar,4816
Surrency,4817
Surtain,4818
Sutherland,4819
Suttle,4820
Sutton,4821
Svitek,4823
Swaim,6193
Swain,4824
Swan,7549
Swancutt,4825
Swann,4826
Swanson,5723
Swartz,4412
Swayne,4828
Swearinger,5610
Sweat,6925
Sweed,4830
Sweeney,6750
Sweet,7194
Sweeting,5767
Sweezy,4832
Swenson,4833
Swift,4834
Swilling,4836
Swiney,4838
Swinger,4839
Swinton,4840
Switzer,6621
Swoope,5999
Swoopes,7813
Swope,4842
Sword,4843
Sykes,4845
Sylvan,4846
Sylvester,4848
Symonette,4849
Sypniewski,4850
Syptak,4851
Syvrud,4852
Szalay,4853
Szott,4855
Ta'amu,4857
Tabor,6559
Tackett,7477
Tafisi,4860
Tafoya,4861
Tahi,4862
Tait,4865
Takitaki,7291
Talavou,4869
Talbot,7770
Talbott,6101
Taliaferro,6000
Talib,4872
Talley,4873
Talton,4874
Tamm,4875
Tamme,4876
Tandy,4877
Tanico,4879
Tankersley,6587
Tanking,6973
Tannehill,4881
Tanner,4882
Tanney,5655
Tant,4884
Tapeh,4885
Taplin-Ross,4887
Tapp,4888
Tapper,6216
Tarpinian,4892
Tarpley,6102
Tarrant,4894
Tartt,6001
Tarver,7344
Tasini,7148
Tasker,4900
Tate,4901
Tatum,4902
Tatupu,4903
Taufa,5644
Ta'ufo'ou,4906
Taumoepenu,6650
Tauscher,4910
Tautu,6807
Tavai,6162
Tavecchio,6002
Taylor,4913
TE,4914
Teague,4915
Teal,4916
Tebow,4917
Teel,4918
Teggart,4919
Telfer,6003
Tell,7283
Teller,6907
Temple,7550
Tennant,4923
Te'o,5593
Te'o-Nesheim,4926
Tepper,4927
Tercero,4928
Terra,4929
Terrell,4930
Terrill,4931
Terry,4932
Testaverde,4933
TestBetz,4934
Tevaseu,4936
Tevi,6633
Texada,7009
Thacker,7551
Tharpe,4938
Thayer,7771
Theaker,6653
Thelwell,4940
Therezie,6131
Theus,6254
Thibodeaux,4941
Thielen,6004
Thierry,4943
Thigpen,4944
Thomas,4945
Thomason,4946
Thompkins,5652
Thompson,4947
Thorn,4948
Thorne,7772
Thornhill,4949
Thornton,4950
Thorpe,4951
Thorson,7234
Thrash,4952
Thuney,6273
Thurber,6326
Thurman,4954
Thurmond,4955
Thurston,7773
Tialavea,6551
Tidwell,7478
Tiffin,4957
Tiller,4959
Tillery,7303
Tilley,7774
Tillman,4960
Timmerman,4963
Timmons,4964
Timu,6107
Tinker,5736
Tinoisamoa,4966
Tinsley,7775
Tipton,6005
Titus,7776
Tobeck,4971
Tobin,5757
Tocho,6999
Todd,4973
Todman,4974
Toeaina,4975
Toefield,4976
Togafau,4977
Toilolo,5536
Tolbert,4978
Toledo,7479
Toler,4979
Toliver,4980
Tollefson,4981
Tolliver,4982
Tolver,4983
Tolzien,4984
Tom,6646
Tomczak,4986
Tomich,4987
Tomlinson,4989
Tompkins,5652
Toncho,6794
Toner,6180
Toney,7777
Tonga,4990
Tongue,4991
Tonyan,7143
Toomer,4992
Toon,4993
Toone,4993
Topa,5645
Torain,4996
Toran,7071
Torbor,4997
Torgersen,6804
Toribio,4998
Torrence,4999
Torres,5646
Torrez,5646
Toston,5001
Toth,6609
Toudouze,5002
Toussaint,6226
Tovar,5003
Toviessi,5004
Towbridge,6803
Towns,5005
Townsel,5006
Townsend,5007
Tracy,5008
Trahan,5010
Trail,6215
Trammell,6103
Tran,6751
Trannon,5012
Tranquill,7276
Trapasso,5013
Trapp,5014
Trattou,5015
Trautwein,5016
Travis,6104
Trawick,5749
Traylor,5018
Traynor,5019
Treadwell,6165
Treggs,6421
Trejo,5021
Trent,5022
Tretola,6303
Tretter,5564
Trevathan,5023
Trevino,6752
Tribble,5024
Trimble,7778
Trinca-Pasat,6212
Trinnaman,7104
Triplett,5029
Tripp,5030
Tripplett,5032
Tripucka,6974
Trotter,5034
Troup,5035
Troupe,5036
Trout,5037
Troutman,5038
Troyer,7779
Trubisky,6565
Trucks,5039
Trueblood,5040
Trufant,5042
Truluck,5043
Trumbetti,7049
Trusnik,5044
Trusty,5046
Tryon,5047
Tuaau,6195
Tuaolo,5048
Tubbs,5049
Tuck,5050
Tucker,5051
Tuel,5692
Tuerk,6188
Tufts,5053
Tuggle,5054
Tuiasosopo,5055
Tuihalamaka,5057
Tu'Ikolovatu,6588
Tuimaunei,5059
Tuioti-Mariner,7026
Tuipala,5060
Tuitele,5061
Tuitt,5724
Tukuafu,5062
Tull,6006
Tulloch,5064
Tuman,5065
Tunsil,6222
Tupa,5066
Tupou,5067
Turay,6924
Turbin,5069
Turenne,5070
Turk,5071
Turnbull,5072
Turner,5073
Turzilli,6161
Tuten,5075
Tuthill,5076
Tutt,5077
Tuttle,7361
Tye,6136
Tyler,5081
Tylski,5082
Tyms,5664
Tynes,5083
Tyree,5084
Tyson,5086
Udeze,5087
Udoh,7287
Ugoh,5090
Ugokwe,6641
Ugwoegbu,7133
Uhatafe,6949
Ukropina,6654
Ulbrich,5093
Ulmer,5095
Ulrich,5096
Umana,5647
Umenyiora,5098
Umodu,5648
Unck,5099
Underwood,5100
Unertl,5101
Unga,5102
Unger,5103
Unrein,5104
Upshaw,5107
Urban,5108
Urbik,5109
Urlacher,5110
Urrutia,5111
Urschel,6007
Ursua,7814
Utecht,5112
Uwaezuoke,5115
Uzomah,6008
Vaccaro,5608
Vader-Baker,5116
Vaeao,6383
Vahe,7256
Vaitai,6232
Vakapuna,5118
Valdes-Scantling,6952
Valdez,5119
Valencia,7846
Valentin,6272
Valentine,6272
Valenzuela,7847
Vales,7849
Vallejo,5121
Valles,6009
Vallos,5124
Valoaga,6837
Van,5126
VanDyke,7780
Vance,5129
Vanden,5130
Vander,6895
Vanderdoes,6583
Vanderjagt,5131
Vandermade,5132
Vandervelde,5133
Vannett,6293
Vanover,5135
Varga,6011
Vargas,6753
Varner,7781
Vasher,5138
Vasquez,5139
Vaughan,5140
Vaughn,5141
Vazquez,5649
Vea,6888
Veal,5145
Veasy,7123
Vedvik,7081
Vega,5650
Veikune,5147
Vela,7420
Velasco,5148
Velasquez,7848
Veldheer,5149
Veldman,5150
Veles,7849
Vellano,5745
Veltung,5785
Venable,5151
Ventrone,5153
Ventura,6790
Verdon,5156
Verdun,5158
Vereen,5159
Vermiglio,5161
Verner,5162
Vernon,5163
Verrett,5748
Vick,5165
Vickers,5166
Vickerson,5167
Victor,6992
Victorian,5169
Vidal,7782
Vierling,5170
Vigil,6125
Villa,6754
Villanueva,6225
Villarreal,5172
Villarrial,5173
Vilma,5174
Vinatieri,5176
Vincent,5177
Vines,5178
Vinnett,5179
Vinson,5181
Virgil,6012
Virgin,6798
Vitale,6173
Vittatoe,5184
Vlachos,5187
Vobora,5188
Vogel,6795
Vogt,7783
Volek,5190
Volk,5191
Vollers,5192
Vollert,7093
Vollmer,5193
von,5194
Voss,7480
Vrabel,5196
Vujnovich,6237
Waddell,5197
Waddle,5762
Waddy,5198
Wade,5199
Wadley,6906
Wadman,7807
Wadsworth,5200
Wagner,5201
Wagoner,7784
Wahle,5202
Wahlroos,5203
Waite,7785
Waiters,7481
Wake,5207
Wakefield,5209
Walden,5210
Waldron,7786
Walford,6013
Walker,5211
Wall,5213
Wallace,5214
Waller,6014
Walls,5217
Walsh,5218
Walter,5219
Walters,5220
Walton,5221
Walz,5222
Wand,5223
Wang,5224
Wansley,5225
Ward,5226
Ware,5227
Warfield,5228
Warford,5554
Warmack,5553
Warmsley,6532
Warner,5230
Warren,5231
Warrick,5232
Warring,7346
Washburn,7482
Washington,5234
Waters,5238
Watford,5672
Watkins,5239
Watson,5240
Watt,5241
Watters,5242
Watton,5243
Watts,5244
Way,6015
Wayne,5248
Waynes,6016
Weah,6914
Weary,5250
Weatherford,5251
Weatherington,5252
Weatherly,6305
Weathers,5253
Weathersby,5254
Weatherspoon,5255
Weaver,5256
Webb,5257
Webber,5258
Weber,5258
Webster,5259
Wedderburn,5260
Weddle,5261
Wedige,5662
Weeden,5262
Weeks,5263
Weems,5264
Wegher,6145
Weiner,5268
Weir,7787
Weiss,6755
Welbourn,5272
Welch,5273
Weldon,5274
Welker,5275
Wellman,7035
Wells,5276
Welsh,5273
Wendell,5278
Wendling,5279
Wenning,6017
Wentworth,6018
Wentz,6230
Werner,5282
Wesco,7261
Wesevich,6756
Wesley,5284
West,5287
Westbrook,5288
Westbrooks,6019
Wester,6531
Westerman,5289
Westmoreland,5290
Weston,5291
Wetnight,5293
Wetzel,6528
Whalen,5295
Whaley,6251
Wharton,5296
Wheatley,5299
Wheaton,5519
Wheeler,5300
Whigham,5302
Whimper,5303
Whitaker,5306
White,5307
Whitehair,6118
Whitehead,5308
Whitehurst,5309
Whiteside,5310
Whitfield,5311
Whiting,5312
Whitley,5313
Whitlock,6020
Whitman,5379
Whitmore,7788
Whitner,5316
Whitney,6791
Whitt,7789
Whittaker,5306
Whitted,5318
Whitticker,5319
Whittington,5320
Whittle,5321
Whitworth,5322
Wichmann,6211
Wick,6423
Wicker,6942
Widmer,5324
Wiegert,5326
Wiegmann,5327
Wieneke,6950
Wiggins,5328
Wilber,5329
Wilbur,5330
Wilcox,5331
Wilder,6128
Wilds,5334
Wile,6549
Wiley,5336
Wilford,5337
Wilfork,5338
Wilhelm,5339
Wilhite,5340
Wilhoite,5671
Wilkerson,5342
Wilkes,7790
Wilkins,5343
Wilkinson,5344
Willard,7483
Williams,6875
Williamson,5347
Willie,5670
Willies,7144
Willig,5348
Willis,5349
Willoughby,7791
Wills,7211
Willson,5353
Willy,5352
Wilson,5353
Wimann,7099
Wimbley,5354
Wims,6909
Winborn,5355
Winbush,6953
Winchester,6187
Windsor,5358
Windt,5359
Winey,5360
Winfield,5361
Winfree,7808
Wing,6021
Wingard,7321
Wingo,5777
Winkler,5363
Winn,5364
Winovich,7266
Winslow,5365
Winston,5366
Wint,7056
Winters,5368
Winterswyk,5369
Wire,5371
Wise,6571
Wiseman,7484
Wishnowsky,7288
Wishom,5373
Wisne,5374
Wisniewski,5375
Wistrom,5376
Witherspoon,5377
Withrow,5378
Witman,5379
Witsell,6757
Witt,5380
Wittek,6334
Witten,5382
Witzmann,6218
Wofford,5383
Wohlabaugh,5384
Wolf,5387
Wolfe,5387
Wolfert,5388
Wolff,5387
Womack,5389
Wong,5390
Wood,5392
Woodall,5393
Woodard,5394
Woodbury,5395
Wooden,5396
Woodfin,5398
Woodhead,5399
Woodley,5401
Woodruff,7381
Woodrum,6355
Woods,5402
Woodside,6913
Woodson,5403
Woodson-Luster,6844
Woodward,6792
Woody,5404
Woodyard,5405
Woolfolk,5406
Wooten,5407
Wootton,5408
Word,5409
Worilds,5410
Workman,7179
Worley,6269
Wormley,6578
Worrell,5412
Worrilow,5727
Worsley,5413
Wortham,5414
Worthen,5415
Worthington,5416
Worthy,5417
WR,5419
Wragge,5420
Wray,7792
Wreh-Wilson,5599
Wren,7265
Wrighster,5422
Wright,5423
Wroten,5424
Wrotto,5425
Wuerffel,5426
Wujciak,6398
Wunsch,5427
Wusu,5428
Wyatt,5429
Wyche,5430
Wycheck,5431
Wylie,5432
Wyms,5433
Wynn,5434
Wyrick,5437
Ximines,7270
Yamini,5438
Yancey,6674
Yancy,5440
Yanda,5441
Yankey,5726
Yarbrough,6395
Ya-Sin,7279
Yates,5446
Ybarra,7552
Yeager,2458
Yearby,6666
Yeast,5450
Yeatman,5451
Yee,7485
Yelder,7145
Yeldon,6022
Yelk,5452
Yiadom,6916
Yoder,5454
Yoo,7850
Yoon,7793
York,6758
Yost,7794
You,5456
Youboty,5457
Young,5458
Youngblood,5459
Yount,5460
Yovanovits,5462
Yu,7850
Yusaf,5463
Zachary,6105
Zahursky,5466
Zambrano,7795
Zamora,6815
Zastudil,5469
Zbikowski,5470
Zedalis,5471
Zeigler,5473
Zeitler,5474
Zelenka,5475
Zellner,5477
Zemaitis,5478
Zenner,6023
Zereoue,5479
Zettel,6264
Zgonina,5481
Ziegler,7351
Ziemann,5482
Ziemba,5483
Zimmer,5683
Zimmerman,6759
Zimmons,5486
Zinger,5487
Zitelli,5488
Zolak,5490
Zolman,5491
Zombo,5492
Zuerlein,5494
Zukauskas,5495
Zumwalt,6024
Zunega,7830
Zusevics,5497
Zuttah,5498
Zylstra,7109
Collins Sr,995
Slay Jr,5595
Swearinger Sr,5610
Leno Jr,5914
Clarke VI,934
Schofield III,4399
Smith Sr,4600
Exum Jr,7128
Atkinson III,5798
Pennel Jr,5957
Nelson Jr,3571
McCray II,3230
Gordon III,1928
Gurley II,2024
Johnson Jr,2506
Greene Sr,1966
Coates Jr,966
Fowler Jr,1681
Beasley Jr,323
Edwards Jr,1446
Mauldin IV,5934
Amos Jr,5793
Pullard III,6200
Fowler III,1681
Snead IV,4610
Martin Jr,3121
Dye Jr,5778
LaCosse,6138
Tate III,4901
Saffold III,4301
Sims III,4555
Cooper Sr,1036
Thomas III,4945
Webb III,5257
Brock Sr,629
Richardson Jr,4161
Ingram II,2423
Taylor Sr,4913
Beckham Jr,333
Pryor Sr,4023
Harris Jr,2121
Levine Sr,2893
Aiken Sr,38
Griffin III,1983
Sanu Sr,4336
Jones Jr,2512
Ingram III,2423
Rainey Jr,4062
Smith II,4600
Hayward Jr,2171
Hughes III,2368
McLeod Jr,3299
Gipson Sr,1872
Harrison Sr,2122
Van Roten,5659
Wolff IV,5387
Maponga Sr,5574
Hodges Jr,2284
McGill II,3268
Pryor III,4023
Robinson II,4204
Van Noy,5725
McCoil,6420
Hyder Jr,2402
Lanier II,6425
Hunter Jr,2380
Smith III,4600
Jones IV,2512
Melifonwu,6567
King II,2639
Gallman Jr,6574
Wise Jr,6571
Johnson III,2506
Cox Jr,1075
Pumphrey Jr,6602
Kelsey Jr,6604
Wilson Jr,5353
Bolden Jr,504
Henderson Sr,2207
McQuay III,6685
Mizzell Sr,6810
Moore II,3467
McRae,3230
Vander Laan,6865
Brown Jr,644
Jones II,2512
Vander Esch,6895
Stewart Jr,4739
Reed Jr,4114
Walton Jr,5221
Davis III,1191
Landry III,2775
Bates III,301
Christian Sr,909
Webb II,5257
Dawson Jr,1196
Chark Jr,6923
Walker III,5212
St Brown,6928
James Jr,2459
Cobbs Jr,968
Toliver II,4980
Mitchell Jr,3430
Herndon IV,2223
Warren III,5231
McCloud III,3214
Barrett IV,270
Carter Jr,814
Gage Jr,1751
Kelly Jr,2584
Boyette Jr,7022
de Beer,7064
Dunbar Jr,1391
Rose III,4242
Franklin III,2380
Hargreaves III,6169
Fuller V,1731
Lewis Jr,2899
Morgan II,3479
Butler Jr,726
Blair III,6031
Wright III,5423
Burgess Jr,702
Shittu Jr,6399
Jean Francois,2476
Ayers Jr,195
Davis Sr,1191
Peko Sr,3854
Ginn Jr,1870
LaDouceur,2756
