EPAM,2019,No,217
EPAS,EPAV,,
,0,,
EndPlay_AnquanBoldin,1,,
EndPlay_BrandonLloyd,2,,
EndPlay_BrianDawkins,3,,
EndPlay_BubbaFranks,4,,
EndPlay_ChadJohnson,5,,
EndPlay_ClintonPortis,6,,
EndPlay_DanteHall,7,,
EndPlay_DaunteCulpepper,8,,
EndPlay_DevinHester,9,,
EndPlay_DhaniJones,10,,
EndPlay_EdReed,11,,
EndPlay_ClayMatthews,12,,
EndPlay_GatorChomp,13,,
EndPlay_Heisman,14
EndPlay_HighCelebRating,15
EndPlay_HookEmHorns,16
EndPlay_JasonTaylor,17
EndPlay_JeremiahTrotter,18
EndPlay_ReggieWayne,19
EndPlay_JoeHorn,20
EndPlay_JoeyGalloway,21
EndPlay_JoeyPorter,22
EndPlay_KearyColbert,23
EndPlay_KelleyWashington,24
EndPlay_AaronRodgers,25
EndPlay_KevinJones,26
EndPlay_LamontJordan,27
EndPlay_LarryJohnson,28
EndPlay_LTomlinson,29
EndPlay_MarcusBell,30
EndPlay_StevenJackson,31
EndPlay_MauriceDrew,32
EndPlay_DonovanMcNabb,33
EndPlay_AntrelRolle,34
EndPlay_NateWashington,35
EndPlay_NCState,36
EndPlay_PriestHolmes,37
EndPlay_RashiedDavis,38
EndPlay_RayLewis,39
EndPlay_ReggieBush,40
EndPlay_SantanaMoss,41
EndPlay_RandyMoss,42
EndPlay_ShawnMerriman,43
EndPlay_SteveMcNair,44
EndPlay_SteveSmith,45
EndPlay_TerrellOwens,46
EndPlay_TorryHolt,47
EndPlay_VinceYoung,48
EndPlay_WarrenSapp,49
EndPlay_SeanTaylor,50
EndPlay_AdrianPeterson,51
EndPlay_BJRaji,52
EndPlay_Broncos,53
EndPlay_CamNewton,54
EndPlay_KyleWilliams,55
EndPlay_RobGronkowski,56
EndPlay_TheDOUGIE,57
EndPlay_TheBERNIE,58
EndPlay_TimTebow,59
EndPlay_TrentCole,60
EndPlay_VictorCruz,61
EndPlay_Elway,62
EndPlay_Sharpe,63
EndPlay_EliManning,64
EndPlay_ArianFoster,65
EndPlay_RayRice,66
EndPlay_AlfredMorris,67
EndPlay_StevanRidley,68
EndPlay_RobertGriffin3,69
EndPlay_JJWatt,70
EndPlay_MarshawnLynch,71
EndPlay_VonMiller,72
EndPlay_CameronWake,73
EndPlay_DezBryant,74
EndPlay_AntonioBrown,75
EndPlay_MichaelCrabtree,76
EndPlay_OwenDaniels,77
EndPlay_StevieJohnson,78
EndPlay_DeionSanders,79
EndPlay_AntonioSmith,80
EndPlay_ColinKaepernick,81
EndPlay_JohnnyManziel,82
EndPlay_JackieBattle,83
EndPlay_WillieYoung,84
EndPlay_JaredAllen,85
EndPlay_TrentRichardson,86
EndPlay_TyHilton,87
EndPlay_JevonKearse,88
EndPlay_JuniorGallette,89
EndPlay_GoldenTate,90
EndPlay_OdellBeckham,91
EndPlay_KendallWright,92
EndPlay_TravisKelce,93
EndPlay_TerranceWilliams,94
EndPlay_ResheanMathis,95
EndPlay_JamaalCharles,96
EndPlay_HussainAbdullah,97
EndPlay_DeseanJackson,98
EndPlay_BrianHartline,99
EndPlay_SteveBreaston,100
EndPlay_RyanKerrigan,101
EndPlay_ShaneVereen,102
EndPlay_JeffCumberland,103
EndPlay_FredJackson,104
EndPlay_BryanTyms,105
EndPlay_MikeEvans,106
EndPlay_TerrellSuggs,107
EndPlay_DemarcoWare,108
EndPlay_JoiqueBell,109
EndPlay_KeenanAllen,110
EndPlay_AhmadBradshaw,111
EndPlay_MalcolmFloyd,112
EndPlay_MikeWallace,113
EndPlay_RandallCobb,114
EndPlay_AllenRobinson,115
EndPlay_BrandinCooks,116
EndPlay_BrandonBolden,117
EndPlay_CJAnderson,118
EndPlay_CarsonPalmer,119
EndPlay_CharcandrickWest,120
EndPlay_DannyWoodhead,121
EndPlay_DarrenSproles,122
EndPlay_DionLewis,123
EndPlay_DwayneHarris,124
EndPlay_EmmanuelSanders,125
EndPlay_EricEbron,126
EndPlay_GarrettCelek,127
EndPlay_JamesJones,128
EndPlay_JamesWhite,129
EndPlay_JavoriusAllen,130
EndPlay_JeremyHill,131
EndPlay_JeremyLangford,132
EndPlay_JermaineKearse,133
EndPlay_JohnBrown,134
EndPlay_JonathanStewart,135
EndPlay_JordanCameron,136
EndPlay_JuliusThomas,137
EndPlay_KennyStills,138
EndPlay_LeonardHankerson,139
EndPlay_LeSeanMcCoy,140
EndPlay_LukeWillson,141
EndPlay_MattForte,142
EndPlay_RonnieHillman,143
EndPlay_ScottChandler,144
EndPlay_TyrodTaylor,145
EndPlay_ZachMiller,146
EndPlay_DeAngeloWilliams,147
EndPlay_JarvisLandry,148
EndPlay_MatthewsJordan,149
EndPlay_ColtCruise,150
EndPlay_AmeerAbdullah,151
EndPlay_KelvinBenjamin,152
EndPlay_MarquiseGoodwin,153
EndPlay_MarvinJones,154
EndPlay_MohamedSanu,155
EndPlay_RobertTurbin,156
EndPlay_TerrellePryor,157
EndPlay_TheoRiddick,158
EndPlay_JulioJones,159
EndPlay_JordyNelson,160
EndPlay_EzekielElliott,161
EndPlay_DwayneWashington,162
EndPlay_DwayneAllen,163
EndPlay_DevinFunchess,165
EndPlay_DeAndreHopkins,166
EndPlay_CharlesSims,168
EndPlay_DonteMoncrief,170
EndPlay_RobKelley,172
EndPlay_RishardMatthews,173
EndPlay_KennyBritt,174
EndPlay_SpencerWare,175
EndPlay_DorialGreen-Beckham,176
EndPlay_ColeBeasley,177
EndPlay_BriceButler,178
EndPlay_MikeDavis,179
EndPlay_JayAjayi,181
EndPlay_PaulRichardson,183
EndPlay_RashadJennings,184
EndPlay_LataviusMurray,185
EndPlay_IsaiahCrowell,186
EndPlay_HunterHenry,187
EndPlay_CobiHamilton,188
EndPlay_RussellShepard,189
EndPlay_HillTyreek,190
EndPlay_HoustonJustin,191
EndPlay_AndreBranch,192
EndPlay_BarryChurch,193
EndPlay_BeauAllen,194
EndPlay_BrooksReed,195
EndPlay_BruceIrvin,196
EndPlay_CalaisCampbell,197
EndPlay_CassiusMarsh,198
EndPlay_ChrisHarris,199
EndPlay_ChrisJones,200
EndPlay_ClintonMcDonald,201
EndPlay_DamariousRandall,202
EndPlay_DanteFowler,203
EndPlay_DavanteAdams,204
EndPlay_DavidBass,205
EndPlay_DavidNjoku,206
EndPlay_DemetriusHarris,207
EndPlay_DesmondTrufant,208
EndPlay_JoeStaley,209
EndPlay_JuJuSmithSchuster,210
EndPlay_KareemHunt,211
EndPlay_KentrellBrice,212
EndPlay_PrestonSmith,213
EndPlay_RafaelBush,214
EndPlay_RayRayArmstrong,215
EndPlay_ShelbyHarris,216
EndPlay_StephonGilmore,217
EndPlay_TahirWhitehead,218
EndPlay_TorreySmith,219
EndPlay_WillFuller,220
EndPlay_XavierWilliams,221
EndPlay_TyusBowser,222
